INSERT INTO project.products
(product_id, product_name, product_price, product_size_info, product_guide, product_main_description, product_additional_description, main_image_name, like_count, status, stock_count, upload_date, category_id)
VALUES(1, '취객선비 3인방 변색 잔세트', 26000, '상품 크기 :윗면 지름 46mm, 바닥면 지름 44mm, 높이 58mm
        상품 소재 : 유리
        상품 구성 : 유리잔 낱개 3개, 패키지', '* 해당 제품은 품절로 현재는 구매 불가합니다. (재입고 7/4)', '국립박물관문화재단 소장품 번호 5769
        [전 김홍도 필 평안감사향연도]에 등장하는.
        취객 선비 3인방을 모티브로 디자인된 변색 소주잔 입니다.', '온도에 반응하는 시온 안료 프린팅으로,
        잔에 차가운 술이 담기면
        선비들의 얼굴이 붉게 물들며
        즐거운 술자리 분위기를 연출합니다.', 'seonbiSojuCup1.jpg', 2, 0, 94, '2024-10-11 05:43:32', 'C5');
INSERT INTO project.products
(product_id, product_name, product_price, product_size_info, product_guide, product_main_description, product_additional_description, main_image_name, like_count, status, stock_count, upload_date, category_id)
VALUES(2, '박물관 키링(신라의 미소)', 20000, '상품 크기 :포장크기: 85X170X30mm
상품 구성 : 키링 1개', '테스트 1213243252421', '국립 경주박물관 주요 유물 <얼굴무늬 수막새>를 주제로 한 박물관 기념 키링입니다. 유물의 형태를 구현하고 섬세한 자수가 어우러진 키링입니다.', '국립박물관 유물의 아름다움을 일상에서 마주할 수 있도록 활용도 높은 문구 및 생활소품으로 기획했습니다.', 'sillaKeyring1.jpg', 4, 0, 87, '2024-10-10 02:20:32', 'C2');
INSERT INTO project.products
(product_id, product_name, product_price, product_size_info, product_guide, product_main_description, product_additional_description, main_image_name, like_count, status, stock_count, upload_date, category_id)
VALUES(3, '반가사유상 캐릭터 스프링 수첩', 3000, '상품 크기 : 75x120mm
상품 구성 : 스프링수첩 1개(2종 택1), opp 봉투, 약 70장(1,2장 오차 있음)', NULL, '국립중앙박물관 대표 유물 ''반가사유상''이 귀엽고 친근한 캐릭터로 재탄생하였습니다. 반가사유상 캐릭터의 잔잔한 미소와 존재감 있는 색상이 특징인 상품입니다.', '수첩의 내부는 무선이며 반가사유상 캐릭터가 은은하게 프린트 되어있어 다양하게 사용하기 좋습니다.', 'pictureFlower5.jpg', 3, 0, 56, '2024-09-24 12:29:38', 'C1');
INSERT INTO project.products
(product_id, product_name, product_price, product_size_info, product_guide, product_main_description, product_additional_description, main_image_name, like_count, status, stock_count, upload_date, category_id)
VALUES(4, '흑자 달항아리', 224000, '상품 크기 :(소)140x140x150mm, (중)200X200X220mm, (대)300X300X320mm
상품 소재 : 도자기
상품 구성 : 달항아리 1개(3종 택1), 패키지', '중, 대 크기는 수도권 내 퀵 발송만 가능합니다.(택배 발송 불가, 퀵비 별도부과)', '짙은 흙을 바탕으로 작업한 흑자 귀얄 달항아리는 표면에 분청사기 장식 기법 중 하나인 ''귀얄기법''을 응용하여 작품을 완성하였습니다.', '기존의 백자달항아리와는 달리 표면에 자연스러운 붓터치감이 특징이며, 공간의 무게감을 줌으로써 오브제나 화기로 사용이 가능합니다.', 'moonJar1.jpg', 3, 0, 23, '2024-09-24 12:29:38', 'C4');
INSERT INTO project.products
(product_id, product_name, product_price, product_size_info, product_guide, product_main_description, product_additional_description, main_image_name, like_count, status, stock_count, upload_date, category_id)
VALUES(5, '롱롱타임플라워 초충도 에디션2', 65000, '상품 크기 : (꽃, 잎) 100~170mm 이내
(두께) 약1mm
패키지 크기 : 338x400mm
상품 소재 : 종이
상품 구성 : 1세트에 7개입(꽃,잎,곤충), 패키지, opp봉투', '* 해당 제품은 한정 상품으로 현재는 구매 불가합니다. (재입고 예정없음)', '국립박물관문화재단 상품 브랜드 <뮷즈>와
<나난> 작가의 콜라보 상품입니다.
네이버 쇼핑 ''뮤지엄숍''에서 판매 중입니다.', '국립중앙박물관 소장품 ''초충도''를 활용하여
나난 작가와 국립박물관 상품 브랜드 ''뮷즈(MU:DS)''가 협업하여 제작한 상품입니다.', 'pictureFlower1.jpg', 3, 0, 120, '2024-09-24 12:29:38', 'C3');
INSERT INTO project.products
(product_id, product_name, product_price, product_size_info, product_guide, product_main_description, product_additional_description, main_image_name, like_count, status, stock_count, upload_date, category_id)
VALUES(6, '고려청자 모티브 아로마 캔들', 35000, '상품 크기 : 90x120mm', '* 향의 강도는 개인에 따라 다를 수 있습니다.', '고려청자의 고유한 디자인과 색감을 반영한 아로마 캔들입니다.', '천연 성분만을 사용하여 제작되었습니다.', 'seonbiSojuCup3.jpg', 0, 0, 50, '2024-09-24 12:29:38', 'C3');
INSERT INTO project.products
(product_id, product_name, product_price, product_size_info, product_guide, product_main_description, product_additional_description, main_image_name, like_count, status, stock_count, upload_date, category_id)
VALUES(7, '조선 왕조 의궤 노트북', 18000, '상품 크기 : 150x210mm', '* 표지가 물에 젖으면 변형될 수 있습니다.', '조선 왕조의 의궤를 참고하여 디자인된 노트북입니다.', '튼튼한 제본과 두꺼운 종이로 오랫동안 사용할 수 있습니다.', 'pictureFlower3.jpg', 0, 0, 200, '2024-09-24 12:29:38', 'C1');
INSERT INTO project.products
(product_id, product_name, product_price, product_size_info, product_guide, product_main_description, product_additional_description, main_image_name, like_count, status, stock_count, upload_date, category_id)
VALUES(8, '전통 문양 고급 펜 세트', 50000, '상품 크기 : 펜 길이 140mm', '* 잉크 리필 가능', '한국 전통 문양이 새겨진 고급 펜 세트입니다.', '선물용으로 좋은 패키지에 담겨 있습니다.', 'seonbiSojuCup1.jpg', 0, 0, 100, '2024-09-24 12:29:38', 'C1');
INSERT INTO project.products
(product_id, product_name, product_price, product_size_info, product_guide, product_main_description, product_additional_description, main_image_name, like_count, status, stock_count, upload_date, category_id)
VALUES(9, '훈민정음 티셔츠', 45000, '상품 크기 : S, M, L, XL', '* 세탁 시 뒤집어서 세탁하세요.', '훈민정음의 글자를 디자인한 한정판 티셔츠입니다.', '고급 원단을 사용하여 편안한 착용감을 제공합니다.', 'characterNote3.jpg', 2, 0, 66, '2024-09-24 12:29:38', 'C2');
INSERT INTO project.products
(product_id, product_name, product_price, product_size_info, product_guide, product_main_description, product_additional_description, main_image_name, like_count, status, stock_count, upload_date, category_id)
VALUES(10, '한국 전통 문양 컵', 30000, '상품 크기 : 80x100mm', '* 식기세척기 사용 가능', '한국 전통 문양이 새겨진 고급 컵입니다.', '선물용으로 좋은 패키지에 담겨 있습니다.', 'seonbiSojuCup1.jpg', 0, 0, 50, '2024-10-10 02:44:25', 'C5');
INSERT INTO project.products
(product_id, product_name, product_price, product_size_info, product_guide, product_main_description, product_additional_description, main_image_name, like_count, status, stock_count, upload_date, category_id)
VALUES(11, '한복 인형', 40000, '상품 크기 : 250mm', '* 손세탁 권장', '전통 한복을 입은 인형입니다.', '한국의 아름다운 전통 의상을 재현한 인형입니다.', 'characterNote4.jpg', 1, 0, 30, '2024-09-24 12:29:38', 'C3');
INSERT INTO project.products
(product_id, product_name, product_price, product_size_info, product_guide, product_main_description, product_additional_description, main_image_name, like_count, status, stock_count, upload_date, category_id)
VALUES(12, '전통 문양 접시 세트', 55000, '상품 크기 : 200x200mm', '* 전자레인지 사용 가능', '한국 전통 문양이 새겨진 고급 접시 세트입니다.', '선물용으로 좋은 패키지에 담겨 있습니다.', 'seonbiSojuCup4.jpg', 0, 0, 35, '2024-09-24 12:29:38', 'C5');
INSERT INTO project.products
(product_id, product_name, product_price, product_size_info, product_guide, product_main_description, product_additional_description, main_image_name, like_count, status, stock_count, upload_date, category_id)
VALUES(13, '한국 전통 문양 베개 커버', 25000, '상품 크기 : 450x450mm', '* 손세탁 권장', '한국 전통 문양이 새겨진 고급 베개 커버입니다.', '인테리어 소품으로 좋은 패키지에 담겨 있습니다.', 'pictureFlower5.jpg', 0, 0, 96, '2024-10-10 03:24:10', 'C3');
INSERT INTO project.products
(product_id, product_name, product_price, product_size_info, product_guide, product_main_description, product_additional_description, main_image_name, like_count, status, stock_count, upload_date, category_id)
VALUES(14, '한글 디자인 머그컵', 20000, '상품 크기 : 90x100mm', '* 식기세척기 사용 가능', '한글 디자인이 새겨진 머그컵입니다.', '선물용으로 좋은 패키지에 담겨 있습니다.', 'sillaKeyring3.jpg', 1, 0, 79, '2024-09-24 12:29:38', 'C5');
INSERT INTO project.products
(product_id, product_name, product_price, product_size_info, product_guide, product_main_description, product_additional_description, main_image_name, like_count, status, stock_count, upload_date, category_id)
VALUES(15, '한국 전통 문양 우산', 35000, '상품 크기 : 1000mm', '* 손세탁 권장', '한국 전통 문양이 새겨진 고급 우산입니다.', '패션 아이템으로도 훌륭한 제품입니다.', 'seonbiSojuCup4.jpg', 2, 0, 149, '2024-09-24 12:29:38', 'C2');
INSERT INTO project.products
(product_id, product_name, product_price, product_size_info, product_guide, product_main_description, product_additional_description, main_image_name, like_count, status, stock_count, upload_date, category_id)
VALUES(16, '한국 전통 무늬 쿠션 커버', 20000, '상품 크기 : 450x450mm', '* 손세탁 권장', '한국 전통 무늬가 새겨진 고급 쿠션 커버입니다.', '인테리어 소품으로 훌륭한 제품입니다.', 'pictureFlower2_6.jpg', 0, 0, 40, '2024-09-24 12:29:38', 'C3');
INSERT INTO project.products
(product_id, product_name, product_price, product_size_info, product_guide, product_main_description, product_additional_description, main_image_name, like_count, status, stock_count, upload_date, category_id)
VALUES(17, '한복 패턴 담요', 50000, '상품 크기 : 1500x2000mm', '* 손세탁 권장', '전통 한복 패턴이 들어간 고급 담요입니다.', '인테리어 소품으로 훌륭한 제품입니다.', 'pictureFlower4.jpg', 0, 0, 30, '2024-09-24 12:29:38', 'C3');
INSERT INTO project.products
(product_id, product_name, product_price, product_size_info, product_guide, product_main_description, product_additional_description, main_image_name, like_count, status, stock_count, upload_date, category_id)
VALUES(18, '전통 문양 에코백', 30000, '상품 크기 : 380x420mm', '* 세탁기 사용 가능', '한국 전통 문양이 새겨진 고급 에코백입니다.', '패션 아이템으로도 훌륭한 제품입니다.', 'characterNote4.jpg', 0, 0, 47, '2024-09-24 12:29:38', 'C2');
INSERT INTO project.products
(product_id, product_name, product_price, product_size_info, product_guide, product_main_description, product_additional_description, main_image_name, like_count, status, stock_count, upload_date, category_id)
VALUES(19, '한국 전통 무늬 러그', 75000, '상품 크기 : 2000x3000mm', '* 세탁기 사용 불가, 손세탁 권장', '한국 전통 무늬가 들어간 고급 러그입니다.', '인테리어 소품으로 훌륭한 제품입니다.', 'pictureFlower5.jpg', 0, 0, 50, '2024-09-24 12:29:38', 'C3');
INSERT INTO project.products
(product_id, product_name, product_price, product_size_info, product_guide, product_main_description, product_additional_description, main_image_name, like_count, status, stock_count, upload_date, category_id)
VALUES(24, 'test', 100, '크기', '가이드', '메인설명', '추가설명', '20241015153643_스크린샷 2024-08-19 150509.png', 0, 0, 100, '2024-10-15 06:36:44', 'C1');
INSERT INTO project.products
(product_id, product_name, product_price, product_size_info, product_guide, product_main_description, product_additional_description, main_image_name, like_count, status, stock_count, upload_date, category_id)
VALUES(25, '10/15테스트', 33000, '크기', '가이드', '메인', '추가', '20241015153856_스크린샷 2024-09-04 164207.png', 0, 0, 100, '2024-10-15 06:38:56', 'C2');
INSERT INTO project.products
(product_id, product_name, product_price, product_size_info, product_guide, product_main_description, product_additional_description, main_image_name, like_count, status, stock_count, upload_date, category_id)
VALUES(26, '10/15테스트', 33000, '크기', '가이드', '메인', '추가', '20241015153857_스크린샷 2024-09-04 164207.png', 0, 0, 100, '2024-10-15 06:38:57', 'C2');

INSERT INTO project.productoptions
(product_id, option_content, option_price)
VALUES(1, '취객선비 3인방 변색 잔세트', 0);
INSERT INTO project.productoptions
(product_id, option_content, option_price)
VALUES(2, '박물관 키링(신라의 미소)', 0);
INSERT INTO project.productoptions
(product_id, option_content, option_price)
VALUES(2, '테스트중', 100);
INSERT INTO project.productoptions
(product_id, option_content, option_price)
VALUES(2, '테스트중2', 100);
INSERT INTO project.productoptions
(product_id, option_content, option_price)
VALUES(2, '테스트중3', 1000);
INSERT INTO project.productoptions
(product_id, option_content, option_price)
VALUES(3, '좋은 생각(퍼플)', 0);
INSERT INTO project.productoptions
(product_id, option_content, option_price)
VALUES(3, '하트 뿅뿅(블루)', 0);
INSERT INTO project.productoptions
(product_id, option_content, option_price)
VALUES(4, '대 퀵 발송, 별도 부가', 722000);
INSERT INTO project.productoptions
(product_id, option_content, option_price)
VALUES(4, '소', 0);
INSERT INTO project.productoptions
(product_id, option_content, option_price)
VALUES(4, '중 퀵 발송, 별도 부가', 220000);
INSERT INTO project.productoptions
(product_id, option_content, option_price)
VALUES(5, '대 퀵 발송, 별도 부가', 722000);
INSERT INTO project.productoptions
(product_id, option_content, option_price)
VALUES(5, '소', 0);
INSERT INTO project.productoptions
(product_id, option_content, option_price)
VALUES(5, '중 퀵 발송, 별도 부가', 220000);
INSERT INTO project.productoptions
(product_id, option_content, option_price)
VALUES(6, '매화 향', 0);
INSERT INTO project.productoptions
(product_id, option_content, option_price)
VALUES(6, '백단 향', 0);
INSERT INTO project.productoptions
(product_id, option_content, option_price)
VALUES(6, '연꽃 향', 0);
INSERT INTO project.productoptions
(product_id, option_content, option_price)
VALUES(7, 'A5', 0);
INSERT INTO project.productoptions
(product_id, option_content, option_price)
VALUES(7, 'A6', 3000);
INSERT INTO project.productoptions
(product_id, option_content, option_price)
VALUES(7, 'B5', 6000);
INSERT INTO project.productoptions
(product_id, option_content, option_price)
VALUES(8, '금색', 0);
INSERT INTO project.productoptions
(product_id, option_content, option_price)
VALUES(8, '은색', 0);
INSERT INTO project.productoptions
(product_id, option_content, option_price)
VALUES(8, '청동', 0);
INSERT INTO project.productoptions
(product_id, option_content, option_price)
VALUES(9, 'L', 6000);
INSERT INTO project.productoptions
(product_id, option_content, option_price)
VALUES(9, 'M', 3000);
INSERT INTO project.productoptions
(product_id, option_content, option_price)
VALUES(9, 'S', 0);
INSERT INTO project.productoptions
(product_id, option_content, option_price)
VALUES(9, 'XL', 9000);
INSERT INTO project.productoptions
(product_id, option_content, option_price)
VALUES(10, '단일 색상', 0);
INSERT INTO project.productoptions
(product_id, option_content, option_price)
VALUES(10, '테스트중', 100);
INSERT INTO project.productoptions
(product_id, option_content, option_price)
VALUES(10, '화이트', 0);
INSERT INTO project.productoptions
(product_id, option_content, option_price)
VALUES(11, '남아', 0);
INSERT INTO project.productoptions
(product_id, option_content, option_price)
VALUES(11, '여아', 0);
INSERT INTO project.productoptions
(product_id, option_content, option_price)
VALUES(12, '백자색', 0);
INSERT INTO project.productoptions
(product_id, option_content, option_price)
VALUES(12, '청자색', 0);
INSERT INTO project.productoptions
(product_id, option_content, option_price)
VALUES(13, '꽃무늬', 300);
INSERT INTO project.productoptions
(product_id, option_content, option_price)
VALUES(13, '흑백 줄무늬', 100);
INSERT INTO project.productoptions
(product_id, option_content, option_price)
VALUES(14, '검정색', 0);
INSERT INTO project.productoptions
(product_id, option_content, option_price)
VALUES(14, '흰색', 0);
INSERT INTO project.productoptions
(product_id, option_content, option_price)
VALUES(15, '검정색', 0);
INSERT INTO project.productoptions
(product_id, option_content, option_price)
VALUES(15, '노란색', 0);
INSERT INTO project.productoptions
(product_id, option_content, option_price)
VALUES(16, '적색', 0);
INSERT INTO project.productoptions
(product_id, option_content, option_price)
VALUES(16, '청색', 0);
INSERT INTO project.productoptions
(product_id, option_content, option_price)
VALUES(17, '대', 8000);
INSERT INTO project.productoptions
(product_id, option_content, option_price)
VALUES(17, '소', 0);
INSERT INTO project.productoptions
(product_id, option_content, option_price)
VALUES(17, '중', 4000);
INSERT INTO project.productoptions
(product_id, option_content, option_price)
VALUES(18, '검정색', 0);
INSERT INTO project.productoptions
(product_id, option_content, option_price)
VALUES(18, '흰색', 0);
INSERT INTO project.productoptions
(product_id, option_content, option_price)
VALUES(19, '대', 90000);
INSERT INTO project.productoptions
(product_id, option_content, option_price)
VALUES(19, '소', 0);
INSERT INTO project.productoptions
(product_id, option_content, option_price)
VALUES(19, '중', 40000);
INSERT INTO project.productoptions
(product_id, option_content, option_price)
VALUES(24, '안녕', 0);
INSERT INTO project.productoptions
(product_id, option_content, option_price)
VALUES(24, '테스트중', 26000);
INSERT INTO project.productoptions
(product_id, option_content, option_price)
VALUES(25, '테스트중', 0);
INSERT INTO project.productoptions
(product_id, option_content, option_price)
VALUES(25, '테스트중1', 100);
INSERT INTO project.productoptions
(product_id, option_content, option_price)
VALUES(26, '테스트중', 0);
INSERT INTO project.productoptions
(product_id, option_content, option_price)
VALUES(26, '테스트중1', 100);


INSERT INTO project.productimages
(product_id, image_order, image_type, image_name)
VALUES(1, 1, 'main', 'seonbiSojuCup1.jpg');
INSERT INTO project.productimages
(product_id, image_order, image_type, image_name)
VALUES(1, 1, 'slide', 'seonbiSojuCup1.jpg');
INSERT INTO project.productimages
(product_id, image_order, image_type, image_name)
VALUES(1, 2, 'main', 'seonbiSojuCup2.jpg');
INSERT INTO project.productimages
(product_id, image_order, image_type, image_name)
VALUES(1, 2, 'slide', 'seonbiSojuCup2.jpg');
INSERT INTO project.productimages
(product_id, image_order, image_type, image_name)
VALUES(1, 3, 'main', 'seonbiSojuCup3.jpg');
INSERT INTO project.productimages
(product_id, image_order, image_type, image_name)
VALUES(1, 3, 'slide', 'seonbiSojuCup3.jpg');
INSERT INTO project.productimages
(product_id, image_order, image_type, image_name)
VALUES(1, 4, 'main', 'seonbiSojuCup4.jpg');
INSERT INTO project.productimages
(product_id, image_order, image_type, image_name)
VALUES(1, 4, 'slide', 'seonbiSojuCup4.jpg');
INSERT INTO project.productimages
(product_id, image_order, image_type, image_name)
VALUES(2, 1, 'main', 'sillaKeyring2_1.jpg');
INSERT INTO project.productimages
(product_id, image_order, image_type, image_name)
VALUES(2, 1, 'slide', 'sillaKeyring1.jpg');
INSERT INTO project.productimages
(product_id, image_order, image_type, image_name)
VALUES(2, 2, 'main', 'sillaKeyring2_2.jpg');
INSERT INTO project.productimages
(product_id, image_order, image_type, image_name)
VALUES(2, 2, 'slide', 'sillaKeyring2.jpg');
INSERT INTO project.productimages
(product_id, image_order, image_type, image_name)
VALUES(2, 3, 'main', 'sillaKeyring2_3.jpg');
INSERT INTO project.productimages
(product_id, image_order, image_type, image_name)
VALUES(2, 3, 'slide', 'sillaKeyring3.jpg');
INSERT INTO project.productimages
(product_id, image_order, image_type, image_name)
VALUES(2, 4, 'main', 'sillaKeyring3.jpg');
INSERT INTO project.productimages
(product_id, image_order, image_type, image_name)
VALUES(3, 1, 'main', 'characterNote2_1.jpg');
INSERT INTO project.productimages
(product_id, image_order, image_type, image_name)
VALUES(3, 1, 'slide', 'characterNote1.jpg');
INSERT INTO project.productimages
(product_id, image_order, image_type, image_name)
VALUES(3, 2, 'main', 'characterNote2_3.jpg');
INSERT INTO project.productimages
(product_id, image_order, image_type, image_name)
VALUES(3, 2, 'slide', 'characterNote2.jpg');
INSERT INTO project.productimages
(product_id, image_order, image_type, image_name)
VALUES(3, 3, 'main', 'characterNote2_2.jpg');
INSERT INTO project.productimages
(product_id, image_order, image_type, image_name)
VALUES(3, 3, 'slide', 'characterNote3.jpg');
INSERT INTO project.productimages
(product_id, image_order, image_type, image_name)
VALUES(3, 4, 'main', 'characterNote2_4.jpg');
INSERT INTO project.productimages
(product_id, image_order, image_type, image_name)
VALUES(3, 4, 'slide', 'characterNote5.jpg');
INSERT INTO project.productimages
(product_id, image_order, image_type, image_name)
VALUES(3, 5, 'main', 'characterNote4.jpg');
INSERT INTO project.productimages
(product_id, image_order, image_type, image_name)
VALUES(4, 1, 'main', 'moonJar1.jpg');
INSERT INTO project.productimages
(product_id, image_order, image_type, image_name)
VALUES(4, 1, 'slide', 'moonJar1.jpg');
INSERT INTO project.productimages
(product_id, image_order, image_type, image_name)
VALUES(4, 2, 'main', 'moonJar2-1.jpg');
INSERT INTO project.productimages
(product_id, image_order, image_type, image_name)
VALUES(4, 2, 'slide', 'moonJar2.jpg');
INSERT INTO project.productimages
(product_id, image_order, image_type, image_name)
VALUES(4, 3, 'main', 'moonJar2_2.jpg');
INSERT INTO project.productimages
(product_id, image_order, image_type, image_name)
VALUES(4, 3, 'slide', 'moonJar3.jpg');
INSERT INTO project.productimages
(product_id, image_order, image_type, image_name)
VALUES(4, 4, 'main', 'moonJar4.jpg');
INSERT INTO project.productimages
(product_id, image_order, image_type, image_name)
VALUES(4, 4, 'slide', 'moonJar4.jpg');
INSERT INTO project.productimages
(product_id, image_order, image_type, image_name)
VALUES(5, 1, 'main', 'pictureFlower2_1.jpg');
INSERT INTO project.productimages
(product_id, image_order, image_type, image_name)
VALUES(5, 1, 'slide', 'pictureFlower1.jpg');
INSERT INTO project.productimages
(product_id, image_order, image_type, image_name)
VALUES(5, 2, 'main', 'pictureFlower2_2.jpg');
INSERT INTO project.productimages
(product_id, image_order, image_type, image_name)
VALUES(5, 2, 'slide', 'pictureFlower2.jpg');
INSERT INTO project.productimages
(product_id, image_order, image_type, image_name)
VALUES(5, 3, 'main', 'pictureFlower2_3.jpg');
INSERT INTO project.productimages
(product_id, image_order, image_type, image_name)
VALUES(5, 3, 'slide', 'pictureFlower3.jpg');
INSERT INTO project.productimages
(product_id, image_order, image_type, image_name)
VALUES(5, 4, 'main', 'pictureFlower2_4.jpg');
INSERT INTO project.productimages
(product_id, image_order, image_type, image_name)
VALUES(5, 4, 'slide', 'pictureFlower4.jpg');
INSERT INTO project.productimages
(product_id, image_order, image_type, image_name)
VALUES(6, 1, 'main', 'seonbiSojuCup1.jpg');
INSERT INTO project.productimages
(product_id, image_order, image_type, image_name)
VALUES(6, 1, 'slide', 'seonbiSojuCup3.jpg');
INSERT INTO project.productimages
(product_id, image_order, image_type, image_name)
VALUES(6, 2, 'main', 'seonbiSojuCup1.jpg');
INSERT INTO project.productimages
(product_id, image_order, image_type, image_name)
VALUES(6, 2, 'slide', 'seonbiSojuCup2.jpg');
INSERT INTO project.productimages
(product_id, image_order, image_type, image_name)
VALUES(6, 3, 'slide', 'seonbiSojuCup1.jpg');
INSERT INTO project.productimages
(product_id, image_order, image_type, image_name)
VALUES(6, 4, 'slide', 'seonbiSojuCup3.jpg');
INSERT INTO project.productimages
(product_id, image_order, image_type, image_name)
VALUES(6, 5, 'slide', 'seonbiSojuCup2.jpg');
INSERT INTO project.productimages
(product_id, image_order, image_type, image_name)
VALUES(7, 1, 'main', 'pictureFlower2_2.jpg');
INSERT INTO project.productimages
(product_id, image_order, image_type, image_name)
VALUES(7, 1, 'slide', 'pictureFlower3.jpg');
INSERT INTO project.productimages
(product_id, image_order, image_type, image_name)
VALUES(7, 2, 'main', 'pictureFlower2_1.jpg');
INSERT INTO project.productimages
(product_id, image_order, image_type, image_name)
VALUES(7, 2, 'slide', 'pictureFlower4.jpg');
INSERT INTO project.productimages
(product_id, image_order, image_type, image_name)
VALUES(7, 3, 'main', 'pictureFlower3.jpg');
INSERT INTO project.productimages
(product_id, image_order, image_type, image_name)
VALUES(7, 3, 'slide', 'pictureFlower5.jpg');
INSERT INTO project.productimages
(product_id, image_order, image_type, image_name)
VALUES(7, 4, 'slide', 'pictureFlower1.jpg');
INSERT INTO project.productimages
(product_id, image_order, image_type, image_name)
VALUES(7, 5, 'slide', 'pictureFlower5.jpg');
INSERT INTO project.productimages
(product_id, image_order, image_type, image_name)
VALUES(8, 1, 'main', 'sillaKeyring2_1.jpg');
INSERT INTO project.productimages
(product_id, image_order, image_type, image_name)
VALUES(8, 1, 'slide', 'sillaKeyring3.jpg');
INSERT INTO project.productimages
(product_id, image_order, image_type, image_name)
VALUES(8, 2, 'main', 'sillaKeyring2_2.jpg');
INSERT INTO project.productimages
(product_id, image_order, image_type, image_name)
VALUES(8, 2, 'slide', 'sillaKeyring2.jpg');
INSERT INTO project.productimages
(product_id, image_order, image_type, image_name)
VALUES(8, 3, 'main', 'sillaKeyring1.jpg');
INSERT INTO project.productimages
(product_id, image_order, image_type, image_name)
VALUES(8, 3, 'slide', 'sillaKeyring1.jpg');
INSERT INTO project.productimages
(product_id, image_order, image_type, image_name)
VALUES(8, 4, 'slide', 'sillaKeyring2.jpg');
INSERT INTO project.productimages
(product_id, image_order, image_type, image_name)
VALUES(9, 1, 'main', 'characterNote2_1.jpg');
INSERT INTO project.productimages
(product_id, image_order, image_type, image_name)
VALUES(9, 1, 'slide', 'characterNote3.jpg');
INSERT INTO project.productimages
(product_id, image_order, image_type, image_name)
VALUES(9, 2, 'main', 'characterNote2_2.jpg');
INSERT INTO project.productimages
(product_id, image_order, image_type, image_name)
VALUES(9, 2, 'slide', 'characterNote4.jpg');
INSERT INTO project.productimages
(product_id, image_order, image_type, image_name)
VALUES(9, 3, 'main', 'characterNote3.jpg');
INSERT INTO project.productimages
(product_id, image_order, image_type, image_name)
VALUES(9, 3, 'slide', 'characterNote5.jpg');
INSERT INTO project.productimages
(product_id, image_order, image_type, image_name)
VALUES(9, 4, 'main', 'characterNote4.jpg');
INSERT INTO project.productimages
(product_id, image_order, image_type, image_name)
VALUES(10, 1, 'main', 'seonbiSojuCup1.jpg');
INSERT INTO project.productimages
(product_id, image_order, image_type, image_name)
VALUES(10, 1, 'slide', 'seonbiSojuCup1.jpg');
INSERT INTO project.productimages
(product_id, image_order, image_type, image_name)
VALUES(10, 2, 'main', '20241011165443_스크린샷 2024-08-13 125718.png');
INSERT INTO project.productimages
(product_id, image_order, image_type, image_name)
VALUES(10, 2, 'slide', 'seonbiSojuCup2.jpg');
INSERT INTO project.productimages
(product_id, image_order, image_type, image_name)
VALUES(10, 3, 'main', 'seonbiSojuCup3.jpg');
INSERT INTO project.productimages
(product_id, image_order, image_type, image_name)
VALUES(10, 3, 'slide', 'seonbiSojuCup4.jpg');
INSERT INTO project.productimages
(product_id, image_order, image_type, image_name)
VALUES(10, 4, 'slide', 'seonbiSojuCup2.jpg');
INSERT INTO project.productimages
(product_id, image_order, image_type, image_name)
VALUES(10, 5, 'slide', 'seonbiSojuCup3.jpg');
INSERT INTO project.productimages
(product_id, image_order, image_type, image_name)
VALUES(11, 1, 'main', 'characterNote4.jpg');
INSERT INTO project.productimages
(product_id, image_order, image_type, image_name)
VALUES(11, 1, 'slide', 'characterNote4.jpg');
INSERT INTO project.productimages
(product_id, image_order, image_type, image_name)
VALUES(11, 2, 'main', 'characterNote5.jpg');
INSERT INTO project.productimages
(product_id, image_order, image_type, image_name)
VALUES(11, 2, 'slide', 'characterNote5.jpg');
INSERT INTO project.productimages
(product_id, image_order, image_type, image_name)
VALUES(11, 3, 'main', 'characterNote2.jpg');
INSERT INTO project.productimages
(product_id, image_order, image_type, image_name)
VALUES(11, 3, 'slide', 'characterNote3.jpg');
INSERT INTO project.productimages
(product_id, image_order, image_type, image_name)
VALUES(11, 4, 'main', 'characterNote1.jpg');
INSERT INTO project.productimages
(product_id, image_order, image_type, image_name)
VALUES(11, 4, 'slide', 'characterNote2.jpg');
INSERT INTO project.productimages
(product_id, image_order, image_type, image_name)
VALUES(12, 1, 'main', 'seonbiSojuCup1.jpg');
INSERT INTO project.productimages
(product_id, image_order, image_type, image_name)
VALUES(12, 1, 'slide', 'seonbiSojuCup4.jpg');
INSERT INTO project.productimages
(product_id, image_order, image_type, image_name)
VALUES(12, 2, 'main', 'seonbiSojuCup2.jpg');
INSERT INTO project.productimages
(product_id, image_order, image_type, image_name)
VALUES(12, 2, 'slide', 'seonbiSojuCup2.jpg');
INSERT INTO project.productimages
(product_id, image_order, image_type, image_name)
VALUES(12, 3, 'main', 'seonbiSojuCup3.jpg');
INSERT INTO project.productimages
(product_id, image_order, image_type, image_name)
VALUES(12, 3, 'slide', 'seonbiSojuCup3.jpg');
INSERT INTO project.productimages
(product_id, image_order, image_type, image_name)
VALUES(12, 4, 'main', 'seonbiSojuCup4.jpg');
INSERT INTO project.productimages
(product_id, image_order, image_type, image_name)
VALUES(12, 4, 'slide', 'seonbiSojuCup4.jpg');
INSERT INTO project.productimages
(product_id, image_order, image_type, image_name)
VALUES(13, 1, 'main', 'pictureFlower5.jpg');
INSERT INTO project.productimages
(product_id, image_order, image_type, image_name)
VALUES(13, 1, 'slide', 'pictureFlower3.jpg');
INSERT INTO project.productimages
(product_id, image_order, image_type, image_name)
VALUES(13, 2, 'main', 'pictureFlower2_6.jpg');
INSERT INTO project.productimages
(product_id, image_order, image_type, image_name)
VALUES(13, 2, 'slide', 'pictureFlower2.jpg');
INSERT INTO project.productimages
(product_id, image_order, image_type, image_name)
VALUES(13, 3, 'main', 'pictureFlower2_3.jpg');
INSERT INTO project.productimages
(product_id, image_order, image_type, image_name)
VALUES(13, 3, 'slide', 'pictureFlower1.jpg');
INSERT INTO project.productimages
(product_id, image_order, image_type, image_name)
VALUES(13, 4, 'main', 'pictureFlower2_1.jpg');
INSERT INTO project.productimages
(product_id, image_order, image_type, image_name)
VALUES(13, 4, 'slide', 'pictureFlower4.jpg');
INSERT INTO project.productimages
(product_id, image_order, image_type, image_name)
VALUES(14, 1, 'main', 'sillaKeyring2_1.jpg');
INSERT INTO project.productimages
(product_id, image_order, image_type, image_name)
VALUES(14, 1, 'slide', 'sillaKeyring3.jpg');
INSERT INTO project.productimages
(product_id, image_order, image_type, image_name)
VALUES(14, 2, 'main', 'sillaKeyring2_3.jpg');
INSERT INTO project.productimages
(product_id, image_order, image_type, image_name)
VALUES(14, 2, 'slide', 'sillaKeyring2.jpg');
INSERT INTO project.productimages
(product_id, image_order, image_type, image_name)
VALUES(14, 3, 'main', 'sillaKeyring2_2.jpg');
INSERT INTO project.productimages
(product_id, image_order, image_type, image_name)
VALUES(14, 3, 'slide', 'sillaKeyring1.jpg');
INSERT INTO project.productimages
(product_id, image_order, image_type, image_name)
VALUES(14, 4, 'main', 'sillaKeyring1.jpg');
INSERT INTO project.productimages
(product_id, image_order, image_type, image_name)
VALUES(15, 1, 'main', 'seonbiSojuCup2_1.jpg');
INSERT INTO project.productimages
(product_id, image_order, image_type, image_name)
VALUES(15, 1, 'slide', 'seonbiSojuCup4.jpg');
INSERT INTO project.productimages
(product_id, image_order, image_type, image_name)
VALUES(15, 2, 'main', 'seonbiSojuCup2_2.jpg');
INSERT INTO project.productimages
(product_id, image_order, image_type, image_name)
VALUES(15, 2, 'slide', 'seonbiSojuCup2.jpg');
INSERT INTO project.productimages
(product_id, image_order, image_type, image_name)
VALUES(15, 3, 'main', 'seonbiSojuCup3.jpg');
INSERT INTO project.productimages
(product_id, image_order, image_type, image_name)
VALUES(15, 3, 'slide', 'seonbiSojuCup3.jpg');
INSERT INTO project.productimages
(product_id, image_order, image_type, image_name)
VALUES(15, 4, 'main', 'seonbiSojuCup4.jpg');
INSERT INTO project.productimages
(product_id, image_order, image_type, image_name)
VALUES(15, 4, 'slide', 'seonbiSojuCup1.jpg');
INSERT INTO project.productimages
(product_id, image_order, image_type, image_name)
VALUES(16, 1, 'main', 'pictureFlower2_2.jpg');
INSERT INTO project.productimages
(product_id, image_order, image_type, image_name)
VALUES(16, 1, 'slide', 'pictureFlower2_6.jpg');
INSERT INTO project.productimages
(product_id, image_order, image_type, image_name)
VALUES(16, 2, 'main', 'pictureFlower2_1.jpg');
INSERT INTO project.productimages
(product_id, image_order, image_type, image_name)
VALUES(16, 2, 'slide', 'pictureFlower2_5.jpg');
INSERT INTO project.productimages
(product_id, image_order, image_type, image_name)
VALUES(16, 3, 'main', 'pictureFlower1.jpg');
INSERT INTO project.productimages
(product_id, image_order, image_type, image_name)
VALUES(16, 3, 'slide', 'pictureFlower2_4.jpg');
INSERT INTO project.productimages
(product_id, image_order, image_type, image_name)
VALUES(16, 4, 'main', 'pictureFlower2.jpg');
INSERT INTO project.productimages
(product_id, image_order, image_type, image_name)
VALUES(16, 4, 'slide', 'pictureFlower2_3.jpg');
INSERT INTO project.productimages
(product_id, image_order, image_type, image_name)
VALUES(17, 1, 'main', 'pictureFlower5.jpg');
INSERT INTO project.productimages
(product_id, image_order, image_type, image_name)
VALUES(17, 1, 'slide', 'pictureFlower4.jpg');
INSERT INTO project.productimages
(product_id, image_order, image_type, image_name)
VALUES(17, 2, 'main', 'pictureFlower2_1.jpg');
INSERT INTO project.productimages
(product_id, image_order, image_type, image_name)
VALUES(17, 2, 'slide', 'pictureFlower3.jpg');
INSERT INTO project.productimages
(product_id, image_order, image_type, image_name)
VALUES(17, 3, 'main', 'pictureFlower2_2.jpg');
INSERT INTO project.productimages
(product_id, image_order, image_type, image_name)
VALUES(17, 3, 'slide', 'pictureFlower2.jpg');
INSERT INTO project.productimages
(product_id, image_order, image_type, image_name)
VALUES(17, 4, 'main', 'pictureFlower2_3.jpg');
INSERT INTO project.productimages
(product_id, image_order, image_type, image_name)
VALUES(17, 4, 'slide', 'pictureFlower1.jpg');
INSERT INTO project.productimages
(product_id, image_order, image_type, image_name)
VALUES(18, 1, 'main', 'characterNote5.jpg');
INSERT INTO project.productimages
(product_id, image_order, image_type, image_name)
VALUES(18, 1, 'slide', 'characterNote4.jpg');
INSERT INTO project.productimages
(product_id, image_order, image_type, image_name)
VALUES(18, 2, 'main', 'characterNote1.jpg');
INSERT INTO project.productimages
(product_id, image_order, image_type, image_name)
VALUES(18, 2, 'slide', 'characterNote3.jpg');
INSERT INTO project.productimages
(product_id, image_order, image_type, image_name)
VALUES(18, 3, 'main', 'characterNote2.jpg');
INSERT INTO project.productimages
(product_id, image_order, image_type, image_name)
VALUES(18, 3, 'slide', 'characterNote2.jpg');
INSERT INTO project.productimages
(product_id, image_order, image_type, image_name)
VALUES(18, 4, 'main', 'characterNote3.jpg');
INSERT INTO project.productimages
(product_id, image_order, image_type, image_name)
VALUES(18, 4, 'slide', 'characterNote1.jpg');
INSERT INTO project.productimages
(product_id, image_order, image_type, image_name)
VALUES(19, 1, 'main', 'pictureFlower5.jpg');
INSERT INTO project.productimages
(product_id, image_order, image_type, image_name)
VALUES(19, 1, 'slide', 'pictureFlower5.jpg');
INSERT INTO project.productimages
(product_id, image_order, image_type, image_name)
VALUES(19, 2, 'main', 'pictureFlower2_1.jpg');
INSERT INTO project.productimages
(product_id, image_order, image_type, image_name)
VALUES(19, 2, 'slide', 'pictureFlower3.jpg');
INSERT INTO project.productimages
(product_id, image_order, image_type, image_name)
VALUES(19, 3, 'main', 'pictureFlower2_2.jpg');
INSERT INTO project.productimages
(product_id, image_order, image_type, image_name)
VALUES(19, 3, 'slide', 'pictureFlower2.jpg');
INSERT INTO project.productimages
(product_id, image_order, image_type, image_name)
VALUES(19, 4, 'main', 'pictureFlower2_3.jpg');
INSERT INTO project.productimages
(product_id, image_order, image_type, image_name)
VALUES(19, 4, 'slide', 'pictureFlower1.jpg');
INSERT INTO project.productimages
(product_id, image_order, image_type, image_name)
VALUES(24, 1, 'main', '20241013002315_스크린샷 2024-08-13 125718.png');
INSERT INTO project.productimages
(product_id, image_order, image_type, image_name)
VALUES(24, 1, 'slide', '20241013002315_스크린샷 2024-08-23 101411.png');
INSERT INTO project.productimages
(product_id, image_order, image_type, image_name)
VALUES(24, 2, 'main', '20241013002315_스크린샷 2024-08-13 185559.png');
INSERT INTO project.productimages
(product_id, image_order, image_type, image_name)
VALUES(24, 2, 'slide', '20241013002315_스크린샷 2024-08-23 104954.png');
INSERT INTO project.productimages
(product_id, image_order, image_type, image_name)
VALUES(24, 3, 'main', '20241013002315_스크린샷 2024-08-13 185720.png');
INSERT INTO project.productimages
(product_id, image_order, image_type, image_name)
VALUES(24, 3, 'slide', '20241013002315_스크린샷 2024-08-23 105111.png');
INSERT INTO project.productimages
(product_id, image_order, image_type, image_name)
VALUES(24, 4, 'main', '20241013002315_스크린샷 2024-08-13 190149.png');
INSERT INTO project.productimages
(product_id, image_order, image_type, image_name)
VALUES(24, 4, 'slide', '20241013002315_스크린샷 2024-08-23 105553.png');
INSERT INTO project.productimages
(product_id, image_order, image_type, image_name)
VALUES(25, 1, 'main', '20241015153856_스크린샷 2024-09-12 100120.png');
INSERT INTO project.productimages
(product_id, image_order, image_type, image_name)
VALUES(25, 1, 'slide', '20241015153856_스크린샷 2024-08-13 185559.png');
INSERT INTO project.productimages
(product_id, image_order, image_type, image_name)
VALUES(25, 2, 'main', '20241015153856_스크린샷 2024-09-12 105715.png');
INSERT INTO project.productimages
(product_id, image_order, image_type, image_name)
VALUES(25, 2, 'slide', '20241015153856_스크린샷 2024-08-13 185720.png');
INSERT INTO project.productimages
(product_id, image_order, image_type, image_name)
VALUES(25, 3, 'main', '20241015153856_스크린샷 2024-09-12 115729.png');
INSERT INTO project.productimages
(product_id, image_order, image_type, image_name)
VALUES(25, 3, 'slide', '20241015153856_스크린샷 2024-08-13 190149.png');
INSERT INTO project.productimages
(product_id, image_order, image_type, image_name)
VALUES(25, 4, 'main', '20241015153856_스크린샷 2024-09-12 115943.png');
INSERT INTO project.productimages
(product_id, image_order, image_type, image_name)
VALUES(25, 4, 'slide', '20241015153856_스크린샷 2024-08-13 191234.png');
INSERT INTO project.productimages
(product_id, image_order, image_type, image_name)
VALUES(26, 1, 'main', '20241015153857_스크린샷 2024-09-12 100120.png');
INSERT INTO project.productimages
(product_id, image_order, image_type, image_name)
VALUES(26, 1, 'slide', '20241015153857_스크린샷 2024-08-13 185559.png');
INSERT INTO project.productimages
(product_id, image_order, image_type, image_name)
VALUES(26, 2, 'main', '20241015153857_스크린샷 2024-09-12 105715.png');
INSERT INTO project.productimages
(product_id, image_order, image_type, image_name)
VALUES(26, 2, 'slide', '20241015153857_스크린샷 2024-08-13 185720.png');
INSERT INTO project.productimages
(product_id, image_order, image_type, image_name)
VALUES(26, 3, 'main', '20241015153857_스크린샷 2024-09-12 115729.png');
INSERT INTO project.productimages
(product_id, image_order, image_type, image_name)
VALUES(26, 3, 'slide', '20241015153857_스크린샷 2024-08-13 190149.png');
INSERT INTO project.productimages
(product_id, image_order, image_type, image_name)
VALUES(26, 4, 'main', '20241015153857_스크린샷 2024-09-12 115943.png');
INSERT INTO project.productimages
(product_id, image_order, image_type, image_name)
VALUES(26, 4, 'slide', '20241015153857_스크린샷 2024-08-13 191234.png');

INSERT INTO project.packaging
(packaging_option_content, packaging_option_price)
VALUES('굿즈 기본 포장', 0);
INSERT INTO project.packaging
(packaging_option_content, packaging_option_price)
VALUES('굿즈 부직포 가방', 2000);
INSERT INTO project.packaging
(packaging_option_content, packaging_option_price)
VALUES('굿즈 천 포장', 4000);

INSERT INTO project.code
(main_type, main_type_name, sub_type, sub_type_name)
VALUES('01PC', '카테고리', 'C1', '문구/사무');
INSERT INTO project.code
(main_type, main_type_name, sub_type, sub_type_name)
VALUES('01PC', '카테고리', 'C2', '패션/생활');
INSERT INTO project.code
(main_type, main_type_name, sub_type, sub_type_name)
VALUES('01PC', '카테고리', 'C3', '인테리어 소품');
INSERT INTO project.code
(main_type, main_type_name, sub_type, sub_type_name)
VALUES('01PC', '카테고리', 'C4', '공예품');
INSERT INTO project.code
(main_type, main_type_name, sub_type, sub_type_name)
VALUES('01PC', '카테고리', 'C5', '주방/식기');
INSERT INTO project.code
(main_type, main_type_name, sub_type, sub_type_name)
VALUES('02PI', '이미지타입', 'main', '메인 형식');
INSERT INTO project.code
(main_type, main_type_name, sub_type, sub_type_name)
VALUES('02PI', '이미지타입', 'slide', '슬라이드 형식');
INSERT INTO project.code
(main_type, main_type_name, sub_type, sub_type_name)
VALUES('03PS', '상품 상태', '0', '판매중');
INSERT INTO project.code
(main_type, main_type_name, sub_type, sub_type_name)
VALUES('03PS', '상품 상태', '1', '준비중');
INSERT INTO project.code
(main_type, main_type_name, sub_type, sub_type_name)
VALUES('03PS', '상품 상태', '2', '매진 입고 예정');
INSERT INTO project.code
(main_type, main_type_name, sub_type, sub_type_name)
VALUES('03PS', '상품 상태', '3', '매진 입고 미정');
INSERT INTO project.code
(main_type, main_type_name, sub_type, sub_type_name)
VALUES('04RS', '예약', '1', '체험예약');

INSERT INTO project.users
(user_id, password, name, birth_date, gender, phone_number, email, user_sequence, is_withdrawn, withdrawal_date, created_at, updated_at, block_status, is_admin, login_count)
VALUES('hyemi4251', '$2a$10$DVv2EA6DB6rjTVCV.w/n0uYqlH3lZEhRLfH6QPKTikyz/STlTiiQi', '김철수', '2024-09-18', 'F', '010-0000-0000', 'hyemi921110@gmail.com', 4, 0, NULL, '2024-10-04 00:00:00', NULL, 0, 0, 1);
INSERT INTO project.users
(user_id, password, name, birth_date, gender, phone_number, email, user_sequence, is_withdrawn, withdrawal_date, created_at, updated_at, block_status, is_admin, login_count)
VALUES('user001', '1', '김철수', '1990-01-15', 'M', '010-1234-5678', 'kimcheolsu@example.com', 5, 0, NULL, '2020-01-01 00:00:00', '2024-10-10 00:00:00', 0, 0, 12);
INSERT INTO project.users
(user_id, password, name, birth_date, gender, phone_number, email, user_sequence, is_withdrawn, withdrawal_date, created_at, updated_at, block_status, is_admin, login_count)
VALUES('user002', '2', '이영희', '1985-05-22', 'F', '010-2345-6789', 'leeyounghee@example.com', 6, 0, NULL, '2020-02-10 00:00:00', '2024-10-10 00:00:00', 0, 0, 21);
INSERT INTO project.users
(user_id, password, name, birth_date, gender, phone_number, email, user_sequence, is_withdrawn, withdrawal_date, created_at, updated_at, block_status, is_admin, login_count)
VALUES('user003', '3', '박민수', '1978-11-03', 'M', '010-3456-7890', 'parkminsu@example.com', 7, 0, NULL, '2020-03-15 00:00:00', '2024-10-09 00:00:00', 1, 0, 16);
INSERT INTO project.users
(user_id, password, name, birth_date, gender, phone_number, email, user_sequence, is_withdrawn, withdrawal_date, created_at, updated_at, block_status, is_admin, login_count)
VALUES('user004', '4', '최지현', '1992-04-12', 'F', '010-4567-8901', 'choijihyun@example.com', 8, 0, NULL, '2020-04-20 00:00:00', '2024-10-08 00:00:00', 0, 0, 9);
INSERT INTO project.users
(user_id, password, name, birth_date, gender, phone_number, email, user_sequence, is_withdrawn, withdrawal_date, created_at, updated_at, block_status, is_admin, login_count)
VALUES('user005', '5', '정우성', '1988-07-19', 'M', '010-5678-9012', 'jungwoosung@example.com', 9, 1, '2022-05-01 10:00:00', '2019-05-01 00:00:00', '2022-04-30 00:00:00', 1, 0, 18);
INSERT INTO project.users
(user_id, password, name, birth_date, gender, phone_number, email, user_sequence, is_withdrawn, withdrawal_date, created_at, updated_at, block_status, is_admin, login_count)
VALUES('user006', '6', '김수현', '1995-02-28', 'F', '010-6789-0123', 'kimsuhyun@example.com', 10, 0, NULL, '2020-06-01 00:00:00', '2024-10-07 00:00:00', 0, 0, 6);
INSERT INTO project.users
(user_id, password, name, birth_date, gender, phone_number, email, user_sequence, is_withdrawn, withdrawal_date, created_at, updated_at, block_status, is_admin, login_count)
VALUES('user007', '7', '이동욱', '1983-10-15', 'M', '010-7890-1234', 'leedongwook@example.com', 11, 0, NULL, '2020-07-01 00:00:00', '2024-10-06 00:00:00', 1, 0, 8);
INSERT INTO project.users
(user_id, password, name, birth_date, gender, phone_number, email, user_sequence, is_withdrawn, withdrawal_date, created_at, updated_at, block_status, is_admin, login_count)
VALUES('user008', '8', '박은정', '1991-12-11', 'F', '010-8901-2345', 'parkunjung@example.com', 12, 0, NULL, '2020-08-15 00:00:00', '2024-10-05 00:00:00', 0, 0, 9);
INSERT INTO project.users
(user_id, password, name, birth_date, gender, phone_number, email, user_sequence, is_withdrawn, withdrawal_date, created_at, updated_at, block_status, is_admin, login_count)
VALUES('user009', '9', '이재호', '1987-06-30', 'M', '010-9012-3456', 'leejaeho@example.com', 13, 0, NULL, '2020-09-10 00:00:00', '2024-10-04 00:00:00', 0, 0, 18);
INSERT INTO project.users
(user_id, password, name, birth_date, gender, phone_number, email, user_sequence, is_withdrawn, withdrawal_date, created_at, updated_at, block_status, is_admin, login_count)
VALUES('user010', '10', '김소희', '1994-03-22', 'F', '010-0123-4567', 'kimsohee@example.com', 14, 0, NULL, '2020-10-01 00:00:00', '2024-10-03 00:00:00', 1, 0, 11);
INSERT INTO project.users
(user_id, password, name, birth_date, gender, phone_number, email, user_sequence, is_withdrawn, withdrawal_date, created_at, updated_at, block_status, is_admin, login_count)
VALUES('user011', '11', '한기준', '1980-09-07', 'M', '010-2345-6789', 'hankijun@example.com', 15, 0, NULL, '2020-11-20 00:00:00', '2024-10-02 00:00:00', 0, 0, 22);
INSERT INTO project.users
(user_id, password, name, birth_date, gender, phone_number, email, user_sequence, is_withdrawn, withdrawal_date, created_at, updated_at, block_status, is_admin, login_count)
VALUES('user012', '12', '오은지', '1993-08-12', 'F', '010-3456-7890', 'oeunji@example.com', 16, 0, NULL, '2020-12-05 00:00:00', '2024-10-01 00:00:00', 0, 0, 16);
INSERT INTO project.users
(user_id, password, name, birth_date, gender, phone_number, email, user_sequence, is_withdrawn, withdrawal_date, created_at, updated_at, block_status, is_admin, login_count)
VALUES('user013', '13', '박상민', '1979-04-04', 'M', '010-4567-8901', 'parksangmin@example.com', 17, 1, '2023-01-15 10:00:00', '2020-01-15 00:00:00', '2023-01-14 00:00:00', 1, 0, 5);
INSERT INTO project.users
(user_id, password, name, birth_date, gender, phone_number, email, user_sequence, is_withdrawn, withdrawal_date, created_at, updated_at, block_status, is_admin, login_count)
VALUES('user014', '14', '서지현', '1991-11-23', 'F', '010-5678-9012', 'seojihyun@example.com', 18, 0, NULL, '2021-01-01 00:00:00', '2024-09-25 00:00:00', 0, 0, 6);
INSERT INTO project.users
(user_id, password, name, birth_date, gender, phone_number, email, user_sequence, is_withdrawn, withdrawal_date, created_at, updated_at, block_status, is_admin, login_count)
VALUES('user015', '15', '류수영', '1985-02-14', 'M', '010-6789-0123', 'ryusuyoung@example.com', 19, 0, NULL, '2021-03-10 00:00:00', '2024-08-30 00:00:00', 0, 0, 13);
INSERT INTO project.users
(user_id, password, name, birth_date, gender, phone_number, email, user_sequence, is_withdrawn, withdrawal_date, created_at, updated_at, block_status, is_admin, login_count)
VALUES('user1', 'password123', '홍길동', '1990-05-15', 'M', '010-1234-5678', 'hong@example.com', 1, 0, NULL, '2024-09-25 00:00:00', '2024-10-16 00:00:00', 0, 1, 28);
INSERT INTO project.users
(user_id, password, name, birth_date, gender, phone_number, email, user_sequence, is_withdrawn, withdrawal_date, created_at, updated_at, block_status, is_admin, login_count)
VALUES('user2', 'password456', '김철수', '1988-08-23', 'M', '010-2345-6789', 'kim@example.com', 2, 0, NULL, '2024-09-25 12:19:50', '2024-09-25 12:19:50', 0, 0, 0);
INSERT INTO project.users
(user_id, password, name, birth_date, gender, phone_number, email, user_sequence, is_withdrawn, withdrawal_date, created_at, updated_at, block_status, is_admin, login_count)
VALUES('user3', 'password789', '이영희', '1995-02-10', 'F', '010-3456-7890', 'lee@example.com', 3, 0, NULL, '2024-09-25 12:19:50', '2024-09-25 12:19:50', 0, 0, 0);


INSERT INTO project.address
(address_id, user_id, postal_code, street_address, detailed_address, location_name, recipient_phone, is_default, created_at, recipient_name)
VALUES(5, 'user1', '12426', '경기 가평군 가평읍 불기산길 2 (상색리, 주식회사 블레스 F&T)', '103-1031', '집', '010-1234-4567', 0, '2024-10-01 00:00:00', NULL);
INSERT INTO project.address
(address_id, user_id, postal_code, street_address, detailed_address, location_name, recipient_phone, is_default, created_at, recipient_name)
VALUES(6, 'user1', '63503', '제주특별자치도 서귀포시 대정읍 대한로 632 (무릉리)', '104동 901호', '회사', '010-0000-0000', 1, '2024-10-02 00:00:00', NULL);
INSERT INTO project.address
(address_id, user_id, postal_code, street_address, detailed_address, location_name, recipient_phone, is_default, created_at, recipient_name)
VALUES(7, 'hyemi4251', '13628', '경기 성남시 분당구 미금일로 58 (구미동, 까치마을)', '103-1031', '집', '010-0000-0000', 0, '2024-10-04 00:00:00', NULL);
INSERT INTO project.address
(address_id, user_id, postal_code, street_address, detailed_address, location_name, recipient_phone, is_default, created_at, recipient_name)
VALUES(15, 'user1', '63534', '제주특별자치도 서귀포시 가가로 37 (상예동)', 'ㅇㄹㄴㄹ', '배송지_2', '010-1234-5678', 2, '2024-10-04 00:00:00', '홍길동');
INSERT INTO project.address
(address_id, user_id, postal_code, street_address, detailed_address, location_name, recipient_phone, is_default, created_at, recipient_name)
VALUES(16, 'user001', '63534', '제주특별자치도 서귀포시 가가로 14 (상예동)', 'ㅇㄹㄴ', '배송지_0', ' ', 0, '2024-10-14 00:00:00', NULL);
INSERT INTO project.address
(address_id, user_id, postal_code, street_address, detailed_address, location_name, recipient_phone, is_default, created_at, recipient_name)
VALUES(17, 'user001', '13473', '경기 성남시 분당구 경부고속도로 409 (삼평동)', '고속도로', '배송지_1', '010-1234-5678', 1, '2024-10-14 00:00:00', '김철수');
INSERT INTO project.address
(address_id, user_id, postal_code, street_address, detailed_address, location_name, recipient_phone, is_default, created_at, recipient_name)
VALUES(18, 'user002', '03900', '서울 마포구 가양대로 1 (상암동)', '마포', '배송지_0', ' ', 0, '2024-10-14 00:00:00', NULL);
INSERT INTO project.address
(address_id, user_id, postal_code, street_address, detailed_address, location_name, recipient_phone, is_default, created_at, recipient_name)
VALUES(19, 'user004', '52822', '경남 진주시 가좌길 11 (가좌동)', '가좌동', '배송지_0', ' ', 0, '2024-10-14 00:00:00', NULL);
INSERT INTO project.address
(address_id, user_id, postal_code, street_address, detailed_address, location_name, recipient_phone, is_default, created_at, recipient_name)
VALUES(20, 'hyemi4251', '', '', '', '', '', 1, '2024-10-14 00:00:00', '');
INSERT INTO project.address
(address_id, user_id, postal_code, street_address, detailed_address, location_name, recipient_phone, is_default, created_at, recipient_name)
VALUES(21, 'user005', '10126', '경기 김포시 고촌읍 고송로 4 (신곡리)', '10-15테스트중', '배송지_0', '010-1234-5678', 0, '2024-10-15 00:00:00', '홍길동');
INSERT INTO project.address
(address_id, user_id, postal_code, street_address, detailed_address, location_name, recipient_phone, is_default, created_at, recipient_name)
VALUES(22, 'user005', '02474', '서울 동대문구 제기로 2 (제기동)', '10-25테스트', '배송지_1', '010-1234-5678', 1, '2024-10-15 00:00:00', '김철수');

INSERT INTO project.cart
(user_id, product_id, option_content, packaging_option_content, product_cnt, product_total_price, cart_date)
VALUES('hyemi4251', 1, '취객선비 3인방 변색 잔세트', '굿즈 기본 포장', 1, 26000, '2024-10-04 02:17:23');
INSERT INTO project.cart
(user_id, product_id, option_content, packaging_option_content, product_cnt, product_total_price, cart_date)
VALUES('hyemi4251', 1, '취객선비 3인방 변색 잔세트', '굿즈 부직포 가방', 3, 84000, '2024-10-04 02:18:11');
INSERT INTO project.cart
(user_id, product_id, option_content, packaging_option_content, product_cnt, product_total_price, cart_date)
VALUES('hyemi4251', 3, '좋은 생각(퍼플)', '굿즈 천 포장', 1, 7000, '2024-10-14 13:22:53');
INSERT INTO project.cart
(user_id, product_id, option_content, packaging_option_content, product_cnt, product_total_price, cart_date)
VALUES('user001', 2, '테스트중', '굿즈 천 포장', 1, 24100, '2024-10-14 10:07:15');
INSERT INTO project.cart
(user_id, product_id, option_content, packaging_option_content, product_cnt, product_total_price, cart_date)
VALUES('user001', 15, '노란색', '굿즈 기본 포장', 2, 70000, '2024-10-14 10:07:05');
INSERT INTO project.cart
(user_id, product_id, option_content, packaging_option_content, product_cnt, product_total_price, cart_date)
VALUES('user001', 15, '노란색', '굿즈 부직포 가방', 2, 74000, '2024-10-14 10:07:02');
INSERT INTO project.cart
(user_id, product_id, option_content, packaging_option_content, product_cnt, product_total_price, cart_date)
VALUES('user001', 15, '노란색', '굿즈 천 포장', 2, 78000, '2024-10-14 10:07:08');
INSERT INTO project.cart
(user_id, product_id, option_content, packaging_option_content, product_cnt, product_total_price, cart_date)
VALUES('user003', 4, '소', '굿즈 천 포장', 1, 228000, '2024-10-14 11:13:26');
INSERT INTO project.cart
(user_id, product_id, option_content, packaging_option_content, product_cnt, product_total_price, cart_date)
VALUES('user005', 14, '흰색', '굿즈 기본 포장', 1, 20000, '2024-10-16 03:47:26');
INSERT INTO project.cart
(user_id, product_id, option_content, packaging_option_content, product_cnt, product_total_price, cart_date)
VALUES('user005', 14, '흰색', '굿즈 부직포 가방', 2, 44000, '2024-10-16 03:47:21');
INSERT INTO project.cart
(user_id, product_id, option_content, packaging_option_content, product_cnt, product_total_price, cart_date)
VALUES('user005', 15, '검정색', '굿즈 부직포 가방', 1, 37000, '2024-10-16 03:47:14');
INSERT INTO project.cart
(user_id, product_id, option_content, packaging_option_content, product_cnt, product_total_price, cart_date)
VALUES('user1', 4, '대 퀵 발송, 별도 부가', '굿즈 부직포 가방', 1, 1896000, '2024-10-16 03:17:02');
INSERT INTO project.cart
(user_id, product_id, option_content, packaging_option_content, product_cnt, product_total_price, cart_date)
VALUES('user1', 9, 'L', '굿즈 기본 포장', 1, 102000, '2024-10-06 15:09:36');
INSERT INTO project.cart
(user_id, product_id, option_content, packaging_option_content, product_cnt, product_total_price, cart_date)
VALUES('user1', 15, '검정색', '굿즈 기본 포장', 1, 35000, '2024-10-16 03:18:27');

INSERT INTO project.favorites
(user_id, product_id, favorite_date)
VALUES('hyemi4251', 3, '2024-10-14 13:22:44');
INSERT INTO project.favorites
(user_id, product_id, favorite_date)
VALUES('user001', 1, '2024-10-14 07:40:39');
INSERT INTO project.favorites
(user_id, product_id, favorite_date)
VALUES('user001', 2, '2024-10-14 07:40:25');
INSERT INTO project.favorites
(user_id, product_id, favorite_date)
VALUES('user001', 3, '2024-10-14 07:40:30');
INSERT INTO project.favorites
(user_id, product_id, favorite_date)
VALUES('user001', 4, '2024-10-14 07:41:14');
INSERT INTO project.favorites
(user_id, product_id, favorite_date)
VALUES('user001', 5, '2024-10-14 07:40:50');
INSERT INTO project.favorites
(user_id, product_id, favorite_date)
VALUES('user001', 9, '2024-10-14 09:48:43');
INSERT INTO project.favorites
(user_id, product_id, favorite_date)
VALUES('user002', 1, '2024-10-14 11:07:53');
INSERT INTO project.favorites
(user_id, product_id, favorite_date)
VALUES('user002', 2, '2024-10-14 11:07:48');
INSERT INTO project.favorites
(user_id, product_id, favorite_date)
VALUES('user002', 3, '2024-10-14 11:07:44');
INSERT INTO project.favorites
(user_id, product_id, favorite_date)
VALUES('user002', 15, '2024-10-14 11:07:39');
INSERT INTO project.favorites
(user_id, product_id, favorite_date)
VALUES('user003', 4, '2024-10-14 11:13:22');
INSERT INTO project.favorites
(user_id, product_id, favorite_date)
VALUES('user003', 5, '2024-10-14 11:12:18');
INSERT INTO project.favorites
(user_id, product_id, favorite_date)
VALUES('user003', 11, '2024-10-14 11:13:12');
INSERT INTO project.favorites
(user_id, product_id, favorite_date)
VALUES('user004', 5, '2024-10-14 11:29:38');
INSERT INTO project.favorites
(user_id, product_id, favorite_date)
VALUES('user004', 9, '2024-10-14 11:29:34');
INSERT INTO project.favorites
(user_id, product_id, favorite_date)
VALUES('user004', 14, '2024-10-14 11:30:10');
INSERT INTO project.favorites
(user_id, product_id, favorite_date)
VALUES('user1', 2, '2024-10-06 14:27:53');
INSERT INTO project.favorites
(user_id, product_id, favorite_date)
VALUES('user1', 3, '2024-10-04 14:06:45');
INSERT INTO project.favorites
(user_id, product_id, favorite_date)
VALUES('user1', 4, '2024-10-14 01:48:59');
INSERT INTO project.favorites
(user_id, product_id, favorite_date)
VALUES('user1', 10, '2024-10-04 14:06:38');
INSERT INTO project.favorites
(user_id, product_id, favorite_date)
VALUES('user1', 12, '2024-09-30 06:10:09');
INSERT INTO project.favorites
(user_id, product_id, favorite_date)
VALUES('user1', 15, '2024-10-15 11:04:33');
INSERT INTO project.favorites
(user_id, product_id, favorite_date)
VALUES('user2', 2, '2024-09-25 12:19:50');
INSERT INTO project.favorites
(user_id, product_id, favorite_date)
VALUES('user3', 3, '2024-09-25 12:19:50');


INSERT INTO project.regist
(regist_code, name, regist_option, teenager, adult, hightlight_1, hightlight_2, hightlight_3, hightlight_4, package_detail, restrict_detail, reserve_restrict, etc_detail)
VALUES('04RS', '영롱한 자개소반 미니어처 만들기', NULL, 5000, 10000, '빛에 따라 색이 달라지는 오묘한 매력의 자개로 나만의 나전칠기 작품을 만들어 보세요.', '우리나라 전통 소반을 귀여운 미니어처로 제작하여 세상에 단 하나뿐인 작품을 간직할 수 있어요.', '직접 디자인한 영롱한 자개소반을 소중한 사람에게 선물해보는 건 어떠세요?', '소반 미니어처 외에 손거울, 스마트폰 그립톡, 머리끈 등 자개를 이용한 다양한 제품을 만들 수 있습니다.', '자개로 굿즈 만들기 체험', '음주 상태의 참여자는 서비스 이용이 거부될 수 있습니다. 이 경우 입장이 불가합니다.', '그룹 규모: 참여자 수 1-25인.', '유모차 및 휠체어 이용이 불가합니다.');

INSERT INTO project.registimages
(regist_code, image_order, image_type, image_name)
VALUES('04RS', 1, 'detail', '예약설명1.jpg');
INSERT INTO project.registimages
(regist_code, image_order, image_type, image_name)
VALUES('04RS', 1, 'main', 'reserve01.jpg');
INSERT INTO project.registimages
(regist_code, image_order, image_type, image_name)
VALUES('04RS', 2, 'detail', '예약설명2.jpg');
INSERT INTO project.registimages
(regist_code, image_order, image_type, image_name)
VALUES('04RS', 2, 'main', 'reserve02.JPG');
INSERT INTO project.registimages
(regist_code, image_order, image_type, image_name)
VALUES('04RS', 3, 'detail', '예약설명3.jpg');
INSERT INTO project.registimages
(regist_code, image_order, image_type, image_name)
VALUES('04RS', 3, 'main', 'reserve03.JPG');
INSERT INTO project.registimages
(regist_code, image_order, image_type, image_name)
VALUES('04RS', 4, 'detail', '스크린샷 2024-08-13 190149.png');
INSERT INTO project.registimages
(regist_code, image_order, image_type, image_name)
VALUES('04RS', 4, 'main', 'reserve04.JPG');
INSERT INTO project.registimages
(regist_code, image_order, image_type, image_name)
VALUES('04RS', 5, 'main', 'reserve05.JPG');
INSERT INTO project.registimages
(regist_code, image_order, image_type, image_name)
VALUES('04RS', 6, 'main', 'reserve06.JPG');
INSERT INTO project.registimages
(regist_code, image_order, image_type, image_name)
VALUES('04RS', 7, 'main', 'reserve07.JPG');

INSERT INTO project.reviews
(review_id, user_id, product_id, review_content, review_date, like_dislike, review_photo)
VALUES(1, 'user1', 1, '뭔지 몰라도 좋아요', '2024-09-25 12:19:50', 1, NULL);
INSERT INTO project.reviews
(review_id, user_id, product_id, review_content, review_date, like_dislike, review_photo)
VALUES(2, 'user1', 2, '뭔지 몰라도 나빠요', '2024-09-25 12:19:50', 0, NULL);
INSERT INTO project.reviews
(review_id, user_id, product_id, review_content, review_date, like_dislike, review_photo)
VALUES(3, 'user2', 2, '뭔지 몰라도 좋아요', '2024-09-25 12:19:50', 1, NULL);

INSERT INTO project.orders
(purchase_number, user_id, address_id, total, `method`, reg_date, purchase_status)
VALUES(9, 'user1', 5, 336000, '네이버 페이', '2024-10-04 00:00:00', '1');
INSERT INTO project.orders
(purchase_number, user_id, address_id, total, `method`, reg_date, purchase_status)
VALUES(10, 'user1', 15, 74000, '신용 카드', '2024-10-04 00:00:00', '1');
INSERT INTO project.orders
(purchase_number, user_id, address_id, total, `method`, reg_date, purchase_status)
VALUES(11, 'user1', 5, 8000, '카카오페이', '2024-10-04 00:00:00', '1');
INSERT INTO project.orders
(purchase_number, user_id, address_id, total, `method`, reg_date, purchase_status)
VALUES(12, 'user1', 5, 25000, '카카오페이', '2024-10-04 00:00:00', '1');
INSERT INTO project.orders
(purchase_number, user_id, address_id, total, `method`, reg_date, purchase_status)
VALUES(13, 'user1', 5, 72000, '카카오페이', '2024-10-04 00:00:00', '1');
INSERT INTO project.orders
(purchase_number, user_id, address_id, total, `method`, reg_date, purchase_status)
VALUES(14, 'user1', 5, 37000, '네이버 페이', '2024-10-07 00:00:00', '1');
INSERT INTO project.orders
(purchase_number, user_id, address_id, total, `method`, reg_date, purchase_status)
VALUES(15, 'user1', 5, 46000, '네이버 페이', '2024-10-07 00:00:00', '1');
INSERT INTO project.orders
(purchase_number, user_id, address_id, total, `method`, reg_date, purchase_status)
VALUES(16, 'user1', 5, 114000, '네이버 페이', '2024-10-07 00:00:00', '1');
INSERT INTO project.orders
(purchase_number, user_id, address_id, total, `method`, reg_date, purchase_status)
VALUES(17, 'user001', 16, 171000, '네이버 페이', '2024-10-14 00:00:00', '1');
INSERT INTO project.orders
(purchase_number, user_id, address_id, total, `method`, reg_date, purchase_status)
VALUES(18, 'user001', 17, 50000, '네이버 페이', '2024-10-14 00:00:00', '1');
INSERT INTO project.orders
(purchase_number, user_id, address_id, total, `method`, reg_date, purchase_status)
VALUES(19, 'user001', 16, 37000, '신용 카드', '2024-10-14 00:00:00', '1');
INSERT INTO project.orders
(purchase_number, user_id, address_id, total, `method`, reg_date, purchase_status)
VALUES(20, 'user002', 18, 88000, '네이버 페이', '2024-10-14 00:00:00', '1');
INSERT INTO project.orders
(purchase_number, user_id, address_id, total, `method`, reg_date, purchase_status)
VALUES(21, 'user004', 19, 194300, '신용 카드', '2024-10-14 00:00:00', '1');
INSERT INTO project.orders
(purchase_number, user_id, address_id, total, `method`, reg_date, purchase_status)
VALUES(22, 'hyemi4251', 7, 95000, '신용 카드', '2024-10-14 00:00:00', '1');
INSERT INTO project.orders
(purchase_number, user_id, address_id, total, `method`, reg_date, purchase_status)
VALUES(23, 'user005', 21, 50200, '네이버 페이', '2024-10-15 00:00:00', '1');
INSERT INTO project.orders
(purchase_number, user_id, address_id, total, `method`, reg_date, purchase_status)
VALUES(24, 'user005', 22, 50200, '네이버 페이', '2024-10-15 00:00:00', '1');
INSERT INTO project.orders
(purchase_number, user_id, address_id, total, `method`, reg_date, purchase_status)
VALUES(25, 'user1', 5, 169000, '네이버 페이', '2024-10-15 00:00:00', '1');

INSERT INTO project.ordersdetail
(purchase_number, product_id, option_content, packaging_option_content, product_cnt, product_total_price)
VALUES(9, 9, 'L', '굿즈 천 포장', 3, 165000);
INSERT INTO project.ordersdetail
(purchase_number, product_id, option_content, packaging_option_content, product_cnt, product_total_price)
VALUES(9, 12, '백자색', '굿즈 부직포 가방', 3, 171000);
INSERT INTO project.ordersdetail
(purchase_number, product_id, option_content, packaging_option_content, product_cnt, product_total_price)
VALUES(10, 15, '검정색', '굿즈 부직포 가방', 2, 74000);
INSERT INTO project.ordersdetail
(purchase_number, product_id, option_content, packaging_option_content, product_cnt, product_total_price)
VALUES(11, 3, '좋은 생각(퍼플)', '굿즈 부직포 가방', 1, 5000);
INSERT INTO project.ordersdetail
(purchase_number, product_id, option_content, packaging_option_content, product_cnt, product_total_price)
VALUES(12, 14, '검정색', '굿즈 부직포 가방', 1, 22000);
INSERT INTO project.ordersdetail
(purchase_number, product_id, option_content, packaging_option_content, product_cnt, product_total_price)
VALUES(13, 9, 'M', '굿즈 부직포 가방', 1, 50000);
INSERT INTO project.ordersdetail
(purchase_number, product_id, option_content, packaging_option_content, product_cnt, product_total_price)
VALUES(13, 14, '검정색', '굿즈 부직포 가방', 1, 22000);
INSERT INTO project.ordersdetail
(purchase_number, product_id, option_content, packaging_option_content, product_cnt, product_total_price)
VALUES(14, 15, '노란색', '굿즈 부직포 가방', 1, 37000);
INSERT INTO project.ordersdetail
(purchase_number, product_id, option_content, packaging_option_content, product_cnt, product_total_price)
VALUES(15, 3, '하트 뿅뿅(블루)', '굿즈 기본 포장', 3, 9000);
INSERT INTO project.ordersdetail
(purchase_number, product_id, option_content, packaging_option_content, product_cnt, product_total_price)
VALUES(15, 15, '노란색', '굿즈 부직포 가방', 1, 37000);
INSERT INTO project.ordersdetail
(purchase_number, product_id, option_content, packaging_option_content, product_cnt, product_total_price)
VALUES(16, 12, '청자색', '굿즈 부직포 가방', 2, 114000);
INSERT INTO project.ordersdetail
(purchase_number, product_id, option_content, packaging_option_content, product_cnt, product_total_price)
VALUES(17, 12, '청자색', '굿즈 부직포 가방', 3, 171000);
INSERT INTO project.ordersdetail
(purchase_number, product_id, option_content, packaging_option_content, product_cnt, product_total_price)
VALUES(18, 9, 'M', '굿즈 부직포 가방', 1, 50000);
INSERT INTO project.ordersdetail
(purchase_number, product_id, option_content, packaging_option_content, product_cnt, product_total_price)
VALUES(19, 15, '노란색', '굿즈 부직포 가방', 1, 37000);
INSERT INTO project.ordersdetail
(purchase_number, product_id, option_content, packaging_option_content, product_cnt, product_total_price)
VALUES(20, 1, '취객선비 3인방 변색 잔세트', '굿즈 부직포 가방', 1, 28000);
INSERT INTO project.ordersdetail
(purchase_number, product_id, option_content, packaging_option_content, product_cnt, product_total_price)
VALUES(20, 1, '취객선비 3인방 변색 잔세트', '굿즈 천 포장', 2, 60000);
INSERT INTO project.ordersdetail
(purchase_number, product_id, option_content, packaging_option_content, product_cnt, product_total_price)
VALUES(21, 2, '테스트중2', '굿즈 천 포장', 3, 72300);
INSERT INTO project.ordersdetail
(purchase_number, product_id, option_content, packaging_option_content, product_cnt, product_total_price)
VALUES(21, 14, '검정색', '굿즈 기본 포장', 1, 20000);
INSERT INTO project.ordersdetail
(purchase_number, product_id, option_content, packaging_option_content, product_cnt, product_total_price)
VALUES(21, 18, '흰색', '굿즈 천 포장', 3, 102000);
INSERT INTO project.ordersdetail
(purchase_number, product_id, option_content, packaging_option_content, product_cnt, product_total_price)
VALUES(22, 1, '취객선비 3인방 변색 잔세트', '굿즈 천 포장', 3, 90000);
INSERT INTO project.ordersdetail
(purchase_number, product_id, option_content, packaging_option_content, product_cnt, product_total_price)
VALUES(22, 3, '좋은 생각(퍼플)', '굿즈 부직포 가방', 1, 5000);
INSERT INTO project.ordersdetail
(purchase_number, product_id, option_content, packaging_option_content, product_cnt, product_total_price)
VALUES(23, 13, '흑백 줄무늬', '굿즈 기본 포장', 2, 50200);
INSERT INTO project.ordersdetail
(purchase_number, product_id, option_content, packaging_option_content, product_cnt, product_total_price)
VALUES(24, 13, '흑백 줄무늬', '굿즈 기본 포장', 2, 50200);
INSERT INTO project.ordersdetail
(purchase_number, product_id, option_content, packaging_option_content, product_cnt, product_total_price)
VALUES(25, 3, '하트 뿅뿅(블루)', '굿즈 부직포 가방', 2, 10000);
INSERT INTO project.ordersdetail
(purchase_number, product_id, option_content, packaging_option_content, product_cnt, product_total_price)
VALUES(25, 9, 'L', '굿즈 부직포 가방', 3, 159000);



 INSERT INTO project.registedhistory
(regist_code, user_id, teenager_cnt, adult_cnt, person_cnt, regist_cnt, reg_date, active_date, regist_id)
VALUES('04RS', 'user1', 2, 1, 3, 20000, '2024-09-26 15:55:58', '2024-09-27 00:00:00', '1');
INSERT INTO project.registedhistory
(regist_code, user_id, teenager_cnt, adult_cnt, person_cnt, regist_cnt, reg_date, active_date, regist_id)
VALUES('04RS', 'user1', 2, 1, 3, 20000, '2024-09-26 15:56:43', '2024-10-04 00:00:00', '10');
INSERT INTO project.registedhistory
(regist_code, user_id, teenager_cnt, adult_cnt, person_cnt, regist_cnt, reg_date, active_date, regist_id)
VALUES('04RS', 'user1', 2, 1, 3, 20000, '2024-09-26 15:56:46', '2024-10-07 00:00:00', '11');
INSERT INTO project.registedhistory
(regist_code, user_id, teenager_cnt, adult_cnt, person_cnt, regist_cnt, reg_date, active_date, regist_id)
VALUES('04RS', 'user1', 2, 1, 3, 20000, '2024-09-26 15:56:01', '2024-09-27 00:00:00', '2');
INSERT INTO project.registedhistory
(regist_code, user_id, teenager_cnt, adult_cnt, person_cnt, regist_cnt, reg_date, active_date, regist_id)
VALUES('04RS', 'user1', 2, 1, 3, 20000, '2024-09-26 15:56:02', '2024-09-27 00:00:00', '3');
INSERT INTO project.registedhistory
(regist_code, user_id, teenager_cnt, adult_cnt, person_cnt, regist_cnt, reg_date, active_date, regist_id)
VALUES('04RS', 'user1', 2, 1, 3, 20000, '2024-09-26 15:56:12', '2024-09-28 00:00:00', '5');
INSERT INTO project.registedhistory
(regist_code, user_id, teenager_cnt, adult_cnt, person_cnt, regist_cnt, reg_date, active_date, regist_id)
VALUES('04RS', 'user1', 1, 2, 3, 100, '2024-10-05 06:31:21', '2024-10-06 00:00:00', '5a748e31-88f2-41df-8c02-176cac0088bb');
INSERT INTO project.registedhistory
(regist_code, user_id, teenager_cnt, adult_cnt, person_cnt, regist_cnt, reg_date, active_date, regist_id)
VALUES('04RS', 'user1', 2, 1, 3, 20000, '2024-09-26 15:56:21', '2024-09-29 00:00:00', '6');
INSERT INTO project.registedhistory
(regist_code, user_id, teenager_cnt, adult_cnt, person_cnt, regist_cnt, reg_date, active_date, regist_id)
VALUES('04RS', 'user1', 2, 1, 3, 20000, '2024-09-26 15:56:25', '2024-09-29 00:00:00', '7');
INSERT INTO project.registedhistory
(regist_code, user_id, teenager_cnt, adult_cnt, person_cnt, regist_cnt, reg_date, active_date, regist_id)
VALUES('04RS', 'user1', 2, 1, 3, 20000, '2024-09-26 15:56:31', '2024-09-30 00:00:00', '8');
INSERT INTO project.registedhistory
(regist_code, user_id, teenager_cnt, adult_cnt, person_cnt, regist_cnt, reg_date, active_date, regist_id)
VALUES('04RS', 'user1', 2, 1, 3, 20000, '2024-09-26 15:56:41', '2024-10-01 00:00:00', '9');
INSERT INTO project.registedhistory
(regist_code, user_id, teenager_cnt, adult_cnt, person_cnt, regist_cnt, reg_date, active_date, regist_id)
VALUES('04RS', 'user1', 4, 1, 5, 100, '2024-10-16 06:01:25', '2024-10-15 15:00:00', 'c711e213-6a44-4022-aaaa-6e135a69a6e7');
INSERT INTO project.registedhistory
(regist_code, user_id, teenager_cnt, adult_cnt, person_cnt, regist_cnt, reg_date, active_date, regist_id)
VALUES('04RS', 'user1', 0, 5, 5, 100, '2024-10-05 15:38:12', '2024-10-08 15:00:00', 'd93f7f36-299b-42fb-8e68-e3606e6b3734');
INSERT INTO project.registedhistory
(regist_code, user_id, teenager_cnt, adult_cnt, person_cnt, regist_cnt, reg_date, active_date, regist_id)
VALUES('04RS', 'user1', 1, 0, 1, 100, '2024-10-17 09:40:41', '2024-10-23 15:00:00', 'e9891d2d-d227-4859-9680-30f7499105fb');



