INSERT INTO mydb.guestbook
(gno, content, title, writer, moddate, regdate)
VALUES(1, '입력이 잘되요', 'JPA insert Test', 'admin', '2024-09-10 09:00:29.852227', '2024-09-10 09:00:29.852227');
INSERT INTO mydb.guestbook
(gno, content, title, writer, moddate, regdate)
VALUES(2, '입력이 잘되요', 'JPA insert Test', 'admin', '2024-09-10 09:00:56.420727', '2024-09-10 09:00:56.420727');
INSERT INTO mydb.guestbook
(gno, content, title, writer, moddate, regdate)
VALUES(3, '수정이 잘되요', 'JPA update Test', 'admin', '2024-09-11 01:57:51.625529', '2024-09-10 09:01:10.096366');
INSERT INTO mydb.guestbook
(gno, content, title, writer, moddate, regdate)
VALUES(4, '입력이 잘되요', 'JPA insert Test', 'admin', '2024-09-11 01:49:45.834523', '2024-09-11 01:49:45.834523');
INSERT INTO mydb.guestbook
(gno, content, title, writer, moddate, regdate)
VALUES(5, '입력이 잘되요', 'JPA insert Test', 'admin', '2024-09-11 01:50:07.127541', '2024-09-11 01:50:07.127541');
INSERT INTO mydb.guestbook
(gno, content, title, writer, moddate, regdate)
VALUES(6, '입력이 잘되요', 'JPA insert Test', 'admin', '2024-09-11 01:50:07.306475', '2024-09-11 01:50:07.306475');
INSERT INTO mydb.guestbook
(gno, content, title, writer, moddate, regdate)
VALUES(7, '입력이 잘되요', 'JPA insert Test', 'admin', '2024-09-11 01:50:07.512046', '2024-09-11 01:50:07.512046');
INSERT INTO mydb.guestbook
(gno, content, title, writer, moddate, regdate)
VALUES(8, '입력이 잘되요', 'JPA insert Test', 'admin', '2024-09-11 01:50:07.677047', '2024-09-11 01:50:07.677047');
INSERT INTO mydb.guestbook
(gno, content, title, writer, moddate, regdate)
VALUES(9, '입력이 잘되요', 'JPA insert Test', 'admin', '2024-09-11 01:50:07.837452', '2024-09-11 01:50:07.837452');
INSERT INTO mydb.guestbook
(gno, content, title, writer, moddate, regdate)
VALUES(10, '입력이 잘되요', 'JPA insert Test', 'admin', '2024-09-11 01:50:07.973562', '2024-09-11 01:50:07.973562');
INSERT INTO mydb.guestbook
(gno, content, title, writer, moddate, regdate)
VALUES(11, '입력이 잘되요', 'JPA insert Test', 'admin', '2024-09-11 01:50:08.175056', '2024-09-11 01:50:08.175056');
INSERT INTO mydb.guestbook
(gno, content, title, writer, moddate, regdate)
VALUES(12, '입력이 잘되요', 'JPA insert Test', 'admin', '2024-09-11 01:50:08.352533', '2024-09-11 01:50:08.352533');
INSERT INTO mydb.guestbook
(gno, content, title, writer, moddate, regdate)
VALUES(13, '입력이 잘되요', 'JPA insert Test', 'admin', '2024-09-11 01:50:08.508307', '2024-09-11 01:50:08.508307');
INSERT INTO mydb.guestbook
(gno, content, title, writer, moddate, regdate)
VALUES(14, '입력이 잘되요', 'JPA insert Test', 'admin', '2024-09-11 01:50:08.672569', '2024-09-11 01:50:08.672569');
INSERT INTO mydb.guestbook
(gno, content, title, writer, moddate, regdate)
VALUES(15, '입력이 잘되요', 'JPA insert Test', 'admin', '2024-09-11 01:50:08.830708', '2024-09-11 01:50:08.830708');
INSERT INTO mydb.guestbook
(gno, content, title, writer, moddate, regdate)
VALUES(16, '입력이 잘되요', 'JPA insert Test', 'admin', '2024-09-11 01:50:08.979195', '2024-09-11 01:50:08.979195');
INSERT INTO mydb.guestbook
(gno, content, title, writer, moddate, regdate)
VALUES(17, '입력이 잘되요', 'JPA insert Test', 'admin', '2024-09-11 01:50:09.149247', '2024-09-11 01:50:09.149247');
INSERT INTO mydb.guestbook
(gno, content, title, writer, moddate, regdate)
VALUES(18, '입력이 잘되요', 'JPA insert Test', 'admin', '2024-09-11 02:05:33.943068', '2024-09-11 02:05:33.943068');
INSERT INTO mydb.guestbook
(gno, content, title, writer, moddate, regdate)
VALUES(19, '입력이 잘되요', 'JPA insert Test', 'admin', '2024-09-11 02:05:34.126228', '2024-09-11 02:05:34.126228');

INSERT INTO mydb.jo
(jno, jname, captain, project, slogan)
VALUES(1, '우린팀이니까', '21woo', 'playfarm', '게임 많이 하자');
INSERT INTO mydb.jo
(jno, jname, captain, project, slogan)
VALUES(2, '모꼬지', 'gydbs99', '뮷즈', '굿즈 페이지입니다');
INSERT INTO mydb.jo
(jno, jname, captain, project, slogan)
VALUES(3, 'Object Of Coding', 'chelsea', 'GunDam', '비트코인 지옥 드가자');
INSERT INTO mydb.jo
(jno, jname, captain, project, slogan)
VALUES(4, '컴포난트', 'qkdrlfh456', '피트니스 올인원', '초딩 중딩 고딩 대딩 코딩');
INSERT INTO mydb.jo
(jno, jname, captain, project, slogan)
VALUES(7, 'test', 'admin', 'test', 'test');
INSERT INTO mydb.jo
(jno, jname, captain, project, slogan)
VALUES(10, 'aaaa', 'aaaa', 'aaaa', 'aaaa');
INSERT INTO mydb.jo
(jno, jname, captain, project, slogan)
VALUES(12, '12344', 'bbbb', 'bbbb', 'bbbb');
INSERT INTO mydb.jo
(jno, jname, captain, project, slogan)
VALUES(15, 'bbbb', '', 'bbbb', 'bbbb');


INSERT INTO mydb.`member`
(id, password, name, age, jno, info, `point`, birthday, rid, uploadfile, role_list)
VALUES('21woo', '$2a$10$gt3GXeq4o86VskAZsS3GDe5X8ZkiJ3VRbS4UXKoLCmKKYAIw5PEXy', '이원우', 23, 1, 'playfram 조장입니다.', 123.5, '2001-01-16', 'zzzzzz', 'aaa.gif', NULL);
INSERT INTO mydb.`member`
(id, password, name, age, jno, info, `point`, birthday, rid, uploadfile, role_list)
VALUES('2222', '$2a$10$kGQM0OaFPn1DVVwb8EDX3OP3QwHnIYV/ZV1t1Te0b4qMxyBDsl6KW', '2222', 22, 7, '2222', 500.0, '2024-09-01', '2222', 'eee.gif', NULL);
INSERT INTO mydb.`member`
(id, password, name, age, jno, info, `point`, birthday, rid, uploadfile, role_list)
VALUES('3333', '$2a$10$0JemSryeY71k7rZaK4rCuuQAUCnVENC8LL6uE57znlmEh/sxtPyyS', '3333', 33, 7, '3333', 10.11, '2024-09-01', '3333', 'eee.gif', NULL);
INSERT INTO mydb.`member`
(id, password, name, age, jno, info, `point`, birthday, rid, uploadfile, role_list)
VALUES('70', '$2a$10$hNNmqLcnuF.7pDLMAfMaDOWX/UKLmYgoccCHvJBDEb0FT2yjECRyi', '이름', 20, 7, 'insert test', 20.4, '1900-10-10', '', 'ht2.png', NULL);
INSERT INTO mydb.`member`
(id, password, name, age, jno, info, `point`, birthday, rid, uploadfile, role_list)
VALUES('90', '$2a$10$gt3GXeq4o86VskAZsS3GDe5X8ZkiJ3VRbS4UXKoLCmKKYAIw5PEXy', '이순신', 34, 7, '조 없음', 293.45, '1999-08-05', NULL, 'eee.gif', NULL);
INSERT INTO mydb.`member`
(id, password, name, age, jno, info, `point`, birthday, rid, uploadfile, role_list)
VALUES('92', '$2a$10$gt3GXeq4o86VskAZsS3GDe5X8ZkiJ3VRbS4UXKoLCmKKYAIw5PEXy', 'Gil Dong', 33, 7, '조 없음', 200.1, '1999-08-05', NULL, 'eee.gif', NULL);
INSERT INTO mydb.`member`
(id, password, name, age, jno, info, `point`, birthday, rid, uploadfile, role_list)
VALUES('93', '$2a$10$gt3GXeq4o86VskAZsS3GDe5X8ZkiJ3VRbS4UXKoLCmKKYAIw5PEXy', '정길동', 22, 7, '조 없음', 150.1, '2000-02-02', NULL, 'eee.gif', NULL);
INSERT INTO mydb.`member`
(id, password, name, age, jno, info, `point`, birthday, rid, uploadfile, role_list)
VALUES('94', '$2a$10$gt3GXeq4o86VskAZsS3GDe5X8ZkiJ3VRbS4UXKoLCmKKYAIw5PEXy', '김길동', 10, 7, 'test 중w', 0.0, NULL, NULL, 'eee.gif', NULL);
INSERT INTO mydb.`member`
(id, password, name, age, jno, info, `point`, birthday, rid, uploadfile, role_list)
VALUES('aaaa', '$2a$10$aDjIg5cV/TTbzPnCfU8.1ea7ReNpozYFcrFqkVLWk1mOCod6mWmi2', 'aaaa', 33, 1, 'aaa', 10.11, '', '', 'aaa.gif', NULL);
INSERT INTO mydb.`member`
(id, password, name, age, jno, info, `point`, birthday, rid, uploadfile, role_list)
VALUES('admin', '$2a$10$gt3GXeq4o86VskAZsS3GDe5X8ZkiJ3VRbS4UXKoLCmKKYAIw5PEXy', '홍길동', 22, 7, '조 없음', 253.99, '1999-08-05', 'apple', 'eee.gif', NULL);
INSERT INTO mydb.`member`
(id, password, name, age, jno, info, `point`, birthday, rid, uploadfile, role_list)
VALUES('apple', '$2a$10$gt3GXeq4o86VskAZsS3GDe5X8ZkiJ3VRbS4UXKoLCmKKYAIw5PEXy', '스티브', 33, 7, '관리조 입니다.', 100.0, '1987-07-07', 'admin', 'eee.gif', NULL);
INSERT INTO mydb.`member`
(id, password, name, age, jno, info, `point`, birthday, rid, uploadfile, role_list)
VALUES('asdf', '$2a$10$gt3GXeq4o86VskAZsS3GDe5X8ZkiJ3VRbS4UXKoLCmKKYAIw5PEXy', '유승범', 28, 3, '조원 입니다.', 92.0, '1999-08-05', 'qwer', 'ccc.gif', NULL);
INSERT INTO mydb.`member`
(id, password, name, age, jno, info, `point`, birthday, rid, uploadfile, role_list)
VALUES('asdf1234', '$2a$10$Q7ltAAoU3v1l5No0XxgA3uxyg8jOJwT/2Nlj9TJjtKRrp/JCKookG', 'aaaa', 11, 1, '', 100.0, '2024-09-09', '', 'icon-heart.png', NULL);
INSERT INTO mydb.`member`
(id, password, name, age, jno, info, `point`, birthday, rid, uploadfile, role_list)
VALUES('asdfg', '$2a$10$npJ/d4JzQ7Hed5CbNU61vuaXHvyOApyo0dshdoCTFXd9KczDV0AL.', 'asdfg', 33, 7, '안녕하세요', 500.0, '2024-09-01', 'asdfg', 'basicman4.png', NULL);
INSERT INTO mydb.`member`
(id, password, name, age, jno, info, `point`, birthday, rid, uploadfile, role_list)
VALUES('chelsea', '$2a$10$gt3GXeq4o86VskAZsS3GDe5X8ZkiJ3VRbS4UXKoLCmKKYAIw5PEXy', '심성용', 31, 3, '조장 입니다.', 103.0, '1999-08-05', 'apple', 'ccc.gif', NULL);
INSERT INTO mydb.`member`
(id, password, name, age, jno, info, `point`, birthday, rid, uploadfile, role_list)
VALUES('green', '$2a$10$gt3GXeq4o86VskAZsS3GDe5X8ZkiJ3VRbS4UXKoLCmKKYAIw5PEXy', '김그린', 33, 7, '안녕하세요', 500.0, '2024-07-30', 'banana', 'eee.gif', NULL);
INSERT INTO mydb.`member`
(id, password, name, age, jno, info, `point`, birthday, rid, uploadfile, role_list)
VALUES('gydbs99', '$2a$10$gt3GXeq4o86VskAZsS3GDe5X8ZkiJ3VRbS4UXKoLCmKKYAIw5PEXy', '방효윤', 30, 2, '안녕', 159.99, '1999-08-05', 'macbook', 'bbb.gif', NULL);
INSERT INTO mydb.`member`
(id, password, name, age, jno, info, `point`, birthday, rid, uploadfile, role_list)
VALUES('hyemi1110', '$2a$10$gt3GXeq4o86VskAZsS3GDe5X8ZkiJ3VRbS4UXKoLCmKKYAIw5PEXy', '정혜미', 31, 2, '욕쟁이 할마니', 161.99, '1999-08-05', 'min00', 'bbb.gif', NULL);
INSERT INTO mydb.`member`
(id, password, name, age, jno, info, `point`, birthday, rid, uploadfile, role_list)
VALUES('lovegihun', '$2a$10$gt3GXeq4o86VskAZsS3GDe5X8ZkiJ3VRbS4UXKoLCmKKYAIw5PEXy', '신의종', 17, 4, '초딩 중딩 고딩 코딩', 167.99, '1999-04-05', 'qkdrlfh456', 'ddd.gif', NULL);
INSERT INTO mydb.`member`
(id, password, name, age, jno, info, `point`, birthday, rid, uploadfile, role_list)
VALUES('macbook', '$2a$10$gt3GXeq4o86VskAZsS3GDe5X8ZkiJ3VRbS4UXKoLCmKKYAIw5PEXy', '이승현', 30, 2, '변경할꺼야', 160.0, '1999-08-05', 'gydbs99', 'bbb.gif', NULL);
INSERT INTO mydb.`member`
(id, password, name, age, jno, info, `point`, birthday, rid, uploadfile, role_list)
VALUES('min00', '$2a$10$gt3GXeq4o86VskAZsS3GDe5X8ZkiJ3VRbS4UXKoLCmKKYAIw5PEXy', '민기훈', 25, 2, '민기훈입니다', 57.3, '2000-12-08', 'hyemi1110', 'bbb.gif', NULL);
INSERT INTO mydb.`member`
(id, password, name, age, jno, info, `point`, birthday, rid, uploadfile, role_list)
VALUES('qkdrlfh456', '$2a$10$gt3GXeq4o86VskAZsS3GDe5X8ZkiJ3VRbS4UXKoLCmKKYAIw5PEXy', '방기로', 28, 4, '초미남 제네럴 갓 초사이언 삼군수도통제사 충무공', 212.99, '1999-04-05', 'Lovegihun', 'ddd.gif', NULL);
INSERT INTO mydb.`member`
(id, password, name, age, jno, info, `point`, birthday, rid, uploadfile, role_list)
VALUES('roletest', '$2a$10$lwZNeXf60tmpYWCJKC.uke46IBW9s3kHi3.KGF2nuOQc9Mc/xpLy6', '홍길동', 22, 7, 'SpringBoot Security Test', 300.5, '2000-02-02', 'apple', 'aaa.gif', NULL);
INSERT INTO mydb.`member`
(id, password, name, age, jno, info, `point`, birthday, rid, uploadfile, role_list)
VALUES('sexy', '$2a$10$gt3GXeq4o86VskAZsS3GDe5X8ZkiJ3VRbS4UXKoLCmKKYAIw5PEXy', '전용덕', 28, 3, '초미녀 세일러문', 92.0, '1999-08-05', 'user1', 'ccc.gif', NULL);
INSERT INTO mydb.`member`
(id, password, name, age, jno, info, `point`, birthday, rid, uploadfile, role_list)
VALUES('ssss', '$2a$10$hOAKlY6uNne2mZS/fwW.geztCFN6DbngDrbZvMSvsOynXRsOnRC16', 'ssss', 33, 7, 'ssss', 10.11, '2024-09-03', 'ssss', 'eee.gif', NULL);
INSERT INTO mydb.`member`
(id, password, name, age, jno, info, `point`, birthday, rid, uploadfile, role_list)
VALUES('user1', '$2a$10$gt3GXeq4o86VskAZsS3GDe5X8ZkiJ3VRbS4UXKoLCmKKYAIw5PEXy', '황지호', 30, 3, '뚱이', 99.0, '1999-08-05', 'sexy', 'ccc.gif', NULL);
INSERT INTO mydb.`member`
(id, password, name, age, jno, info, `point`, birthday, rid, uploadfile, role_list)
VALUES('wyeonj', '$2a$10$gt3GXeq4o86VskAZsS3GDe5X8ZkiJ3VRbS4UXKoLCmKKYAIw5PEXy', '우연정', 32, 1, '우린팀이니까의 우연정입니다', 132.0, '1992-07-17', 'yeon', 'aaa.gif', NULL);
INSERT INTO mydb.`member`
(id, password, name, age, jno, info, `point`, birthday, rid, uploadfile, role_list)
VALUES('yeon', '$2a$10$gt3GXeq4o86VskAZsS3GDe5X8ZkiJ3VRbS4UXKoLCmKKYAIw5PEXy', '신재연', 24, 1, '곤니찌와 신재연입니다', 124.0, '2000-07-27', 'wyeonj', 'aaa.gif', NULL);
INSERT INTO mydb.`member`
(id, password, name, age, jno, info, `point`, birthday, rid, uploadfile, role_list)
VALUES('yyyy', '$2a$10$gJNrTuO03TvYPlJSTGlHTOJQw2cKmpzfaO4i6PKfAc7lisFeLsaje', 'yyyy', 33, 12, 'yyyy', 10.11, '2024-09-01', '', 'basicman4.png', NULL);
INSERT INTO mydb.`member`
(id, password, name, age, jno, info, `point`, birthday, rid, uploadfile, role_list)
VALUES('zzzzzz', '$2a$10$gt3GXeq4o86VskAZsS3GDe5X8ZkiJ3VRbS4UXKoLCmKKYAIw5PEXy', '고용기', 40, 1, '혜미누나 바보', 140.0, '1999-01-05', 'yeon', 'aaa.gif', NULL);
INSERT INTO mydb.`member`
(id, password, name, age, jno, info, `point`, birthday, rid, uploadfile, role_list)
VALUES('라온이', '$2a$10$KhI4z.XYRUwBzqGQbEPgdewA6X9yUqAVpQlJIiJVD.uTfJxgZgLpy', '라온이', 6, 7, '조라온', 10.11, '2017-10-23', '', 'eee.gif', NULL);


INSERT INTO mydb.member_role_list
(member_id, role_list)
VALUES('21woo', 1);
INSERT INTO mydb.member_role_list
(member_id, role_list)
VALUES('21woo', 2);
INSERT INTO mydb.member_role_list
(member_id, role_list)
VALUES('2222', 0);
INSERT INTO mydb.member_role_list
(member_id, role_list)
VALUES('2222', 1);
INSERT INTO mydb.member_role_list
(member_id, role_list)
VALUES('2222', 2);
INSERT INTO mydb.member_role_list
(member_id, role_list)
VALUES('3333', 0);
INSERT INTO mydb.member_role_list
(member_id, role_list)
VALUES('3333', 1);
INSERT INTO mydb.member_role_list
(member_id, role_list)
VALUES('3333', 2);
INSERT INTO mydb.member_role_list
(member_id, role_list)
VALUES('70', 0);
INSERT INTO mydb.member_role_list
(member_id, role_list)
VALUES('70', 1);
INSERT INTO mydb.member_role_list
(member_id, role_list)
VALUES('70', 2);
INSERT INTO mydb.member_role_list
(member_id, role_list)
VALUES('90', 0);
INSERT INTO mydb.member_role_list
(member_id, role_list)
VALUES('90', 1);
INSERT INTO mydb.member_role_list
(member_id, role_list)
VALUES('90', 2);
INSERT INTO mydb.member_role_list
(member_id, role_list)
VALUES('92', 0);
INSERT INTO mydb.member_role_list
(member_id, role_list)
VALUES('92', 1);
INSERT INTO mydb.member_role_list
(member_id, role_list)
VALUES('92', 2);
INSERT INTO mydb.member_role_list
(member_id, role_list)
VALUES('93', 0);
INSERT INTO mydb.member_role_list
(member_id, role_list)
VALUES('93', 1);
INSERT INTO mydb.member_role_list
(member_id, role_list)
VALUES('93', 2);
INSERT INTO mydb.member_role_list
(member_id, role_list)
VALUES('94', 0);
INSERT INTO mydb.member_role_list
(member_id, role_list)
VALUES('94', 1);
INSERT INTO mydb.member_role_list
(member_id, role_list)
VALUES('94', 2);
INSERT INTO mydb.member_role_list
(member_id, role_list)
VALUES('aaaa', 2);
INSERT INTO mydb.member_role_list
(member_id, role_list)
VALUES('admin', 0);
INSERT INTO mydb.member_role_list
(member_id, role_list)
VALUES('admin', 1);
INSERT INTO mydb.member_role_list
(member_id, role_list)
VALUES('admin', 2);
INSERT INTO mydb.member_role_list
(member_id, role_list)
VALUES('apple', 0);
INSERT INTO mydb.member_role_list
(member_id, role_list)
VALUES('apple', 1);
INSERT INTO mydb.member_role_list
(member_id, role_list)
VALUES('apple', 2);
INSERT INTO mydb.member_role_list
(member_id, role_list)
VALUES('asdf', 2);
INSERT INTO mydb.member_role_list
(member_id, role_list)
VALUES('asdf1234', 2);
INSERT INTO mydb.member_role_list
(member_id, role_list)
VALUES('asdfg', 0);
INSERT INTO mydb.member_role_list
(member_id, role_list)
VALUES('asdfg', 1);
INSERT INTO mydb.member_role_list
(member_id, role_list)
VALUES('asdfg', 2);
INSERT INTO mydb.member_role_list
(member_id, role_list)
VALUES('chelsea', 1);
INSERT INTO mydb.member_role_list
(member_id, role_list)
VALUES('chelsea', 2);
INSERT INTO mydb.member_role_list
(member_id, role_list)
VALUES('green', 0);
INSERT INTO mydb.member_role_list
(member_id, role_list)
VALUES('green', 1);
INSERT INTO mydb.member_role_list
(member_id, role_list)
VALUES('green', 2);
INSERT INTO mydb.member_role_list
(member_id, role_list)
VALUES('gydbs99', 1);
INSERT INTO mydb.member_role_list
(member_id, role_list)
VALUES('gydbs99', 2);
INSERT INTO mydb.member_role_list
(member_id, role_list)
VALUES('hyemi1110', 2);
INSERT INTO mydb.member_role_list
(member_id, role_list)
VALUES('lovegihun', 2);
INSERT INTO mydb.member_role_list
(member_id, role_list)
VALUES('macbook', 2);
INSERT INTO mydb.member_role_list
(member_id, role_list)
VALUES('min00', 2);
INSERT INTO mydb.member_role_list
(member_id, role_list)
VALUES('qkdrlfh456', 1);
INSERT INTO mydb.member_role_list
(member_id, role_list)
VALUES('qkdrlfh456', 2);
INSERT INTO mydb.member_role_list
(member_id, role_list)
VALUES('roletest', 0);
INSERT INTO mydb.member_role_list
(member_id, role_list)
VALUES('roletest', 1);
INSERT INTO mydb.member_role_list
(member_id, role_list)
VALUES('roletest', 2);
INSERT INTO mydb.member_role_list
(member_id, role_list)
VALUES('sexy', 2);
INSERT INTO mydb.member_role_list
(member_id, role_list)
VALUES('ssss', 0);
INSERT INTO mydb.member_role_list
(member_id, role_list)
VALUES('ssss', 1);
INSERT INTO mydb.member_role_list
(member_id, role_list)
VALUES('ssss', 2);
INSERT INTO mydb.member_role_list
(member_id, role_list)
VALUES('user1', 2);
INSERT INTO mydb.member_role_list
(member_id, role_list)
VALUES('wyeonj', 2);
INSERT INTO mydb.member_role_list
(member_id, role_list)
VALUES('yeon', 2);
INSERT INTO mydb.member_role_list
(member_id, role_list)
VALUES('yyyy', 2);
INSERT INTO mydb.member_role_list
(member_id, role_list)
VALUES('zzzzzz', 2);
INSERT INTO mydb.member_role_list
(member_id, role_list)
VALUES('라온이', 0);
INSERT INTO mydb.member_role_list
(member_id, role_list)
VALUES('라온이', 1);
INSERT INTO mydb.member_role_list
(member_id, role_list)
VALUES('라온이', 2);


INSERT INTO mydb.testkey
(id, `no`, count, name)
VALUES('apple', 1, 5, '홍길동');
INSERT INTO mydb.testkey
(id, `no`, count, name)
VALUES('apple', 2, 26, '홍길동');
INSERT INTO mydb.testkey
(id, `no`, count, name)
VALUES('apple', 3, 1, '홍길동');
INSERT INTO mydb.testkey
(id, `no`, count, name)
VALUES('apple', 4, 5, '홍길동');
INSERT INTO mydb.testkey
(id, `no`, count, name)
VALUES('banana', 1, 106, '홍길동');
INSERT INTO mydb.testkey
(id, `no`, count, name)
VALUES('banana', 2, 11, '홍길동');
INSERT INTO mydb.testkey
(id, `no`, count, name)
VALUES('banana', 3, 116, '홍길동');


